[["Map",1,2,9,10],"meta::meta",["Map",3,4,5,6,7,8],"astro-version","5.15.9","content-config-digest","a30a942a2ceda2e1","astro-config-digest","{\"root\":{},\"srcDir\":{},\"publicDir\":{},\"outDir\":{},\"cacheDir\":{},\"compressHTML\":true,\"base\":\"/\",\"trailingSlash\":\"ignore\",\"output\":\"static\",\"scopedStyleStrategy\":\"where\",\"build\":{\"format\":\"directory\",\"client\":{},\"server\":{},\"assets\":\"_astro\",\"serverEntry\":\"entry.mjs\",\"redirects\":true,\"inlineStylesheets\":\"auto\",\"concurrency\":1},\"server\":{\"open\":false,\"host\":false,\"port\":4321,\"streaming\":true,\"allowedHosts\":[]},\"redirects\":{},\"image\":{\"endpoint\":{\"route\":\"/_image\"},\"service\":{\"entrypoint\":\"astro/assets/services/sharp\",\"config\":{}},\"domains\":[],\"remotePatterns\":[],\"responsiveStyles\":false},\"devToolbar\":{\"enabled\":true},\"markdown\":{\"syntaxHighlight\":false,\"shikiConfig\":{\"langs\":[],\"langAlias\":{},\"theme\":\"css-variables\",\"themes\":{},\"wrap\":false,\"transformers\":[]},\"remarkPlugins\":[null,null,null],\"rehypePlugins\":[null,[null,{\"themes\":[{\"name\":\"Night Owl No Italics\",\"type\":\"dark\",\"colors\":{\"focusBorder\":\"#122d42\",\"foreground\":\"#d6deeb\",\"disabledForeground\":\"#cccccc80\",\"descriptionForeground\":\"#d6deebb3\",\"errorForeground\":\"#ef5350\",\"icon.foreground\":\"#c5c5c5\",\"contrastActiveBorder\":null,\"contrastBorder\":\"#122d42\",\"textBlockQuote.background\":\"#7f7f7f1a\",\"textBlockQuote.border\":\"#007acc80\",\"textCodeBlock.background\":\"#4f4f4f\",\"textLink.activeForeground\":\"#3794ff\",\"textLink.foreground\":\"#3794ff\",\"textPreformat.foreground\":\"#d7ba7d\",\"textSeparator.foreground\":\"#ffffff2e\",\"editor.background\":\"#011627\",\"editor.foreground\":\"#d6deeb\",\"editorLineNumber.foreground\":\"#4b6479\",\"editorLineNumber.activeForeground\":\"#c5e4fd\",\"editorActiveLineNumber.foreground\":\"#c6c6c6\",\"editor.selectionBackground\":\"#1d3b53\",\"editor.inactiveSelectionBackground\":\"#7e57c25a\",\"editor.selectionHighlightBackground\":\"#5f7e9779\",\"editorError.foreground\":\"#ef5350\",\"editorWarning.foreground\":\"#b39554\",\"editorInfo.foreground\":\"#3794ff\",\"editorHint.foreground\":\"#eeeeeeb2\",\"problemsErrorIcon.foreground\":\"#ef5350\",\"problemsWarningIcon.foreground\":\"#b39554\",\"problemsInfoIcon.foreground\":\"#3794ff\",\"editor.findMatchBackground\":\"#5f7e9779\",\"editor.findMatchHighlightBackground\":\"#1085bb5d\",\"editor.findRangeHighlightBackground\":\"#3a3d4166\",\"editorLink.activeForeground\":\"#4e94ce\",\"editorLightBulb.foreground\":\"#ffcc00\",\"editorLightBulbAutoFix.foreground\":\"#75beff\",\"diffEditor.insertedTextBackground\":\"#99b76d23\",\"diffEditor.insertedTextBorder\":\"#c5e47833\",\"diffEditor.removedTextBackground\":\"#ef535033\",\"diffEditor.removedTextBorder\":\"#ef53504d\",\"diffEditor.insertedLineBackground\":\"#9bb95533\",\"diffEditor.removedLineBackground\":\"#ff000033\",\"editorStickyScroll.background\":\"#011627\",\"editorStickyScrollHover.background\":\"#2a2d2e\",\"editorInlayHint.background\":\"#5f7e97cc\",\"editorInlayHint.foreground\":\"#ffffff\",\"editorInlayHint.typeBackground\":\"#5f7e97cc\",\"editorInlayHint.typeForeground\":\"#ffffff\",\"editorInlayHint.parameterBackground\":\"#5f7e97cc\",\"editorInlayHint.parameterForeground\":\"#ffffff\",\"editorPane.background\":\"#011627\",\"editorGroup.emptyBackground\":\"#011627\",\"editorGroup.focusedEmptyBorder\":null,\"editorGroupHeader.tabsBackground\":\"var(--sl-color-black)\",\"editorGroupHeader.tabsBorder\":\"color-mix(in srgb, var(--sl-color-gray-5), transparent 25%)\",\"editorGroupHeader.noTabsBackground\":\"#011627\",\"editorGroupHeader.border\":null,\"editorGroup.border\":\"#011627\",\"editorGroup.dropBackground\":\"#7e57c273\",\"editorGroup.dropIntoPromptForeground\":\"#d6deeb\",\"editorGroup.dropIntoPromptBackground\":\"#021320\",\"editorGroup.dropIntoPromptBorder\":null,\"sideBySideEditor.horizontalBorder\":\"#011627\",\"sideBySideEditor.verticalBorder\":\"#011627\",\"scrollbar.shadow\":\"#010b14\",\"scrollbarSlider.background\":\"#ffffff17\",\"scrollbarSlider.hoverBackground\":\"#ffffff40\",\"scrollbarSlider.activeBackground\":\"#084d8180\",\"panel.background\":\"#011627\",\"panel.border\":\"#5f7e97\",\"panelTitle.activeBorder\":\"#5f7e97\",\"panelTitle.activeForeground\":\"#ffffffcc\",\"panelTitle.inactiveForeground\":\"#d6deeb80\",\"panelSectionHeader.background\":\"#80808051\",\"terminal.background\":\"#011627\",\"widget.shadow\":\"#011627\",\"editorWidget.background\":\"#021320\",\"editorWidget.foreground\":\"#d6deeb\",\"editorWidget.border\":\"#5f7e97\",\"quickInput.background\":\"#021320\",\"quickInput.foreground\":\"#d6deeb\",\"quickInputTitle.background\":\"#ffffff1a\",\"pickerGroup.foreground\":\"#d1aaff\",\"pickerGroup.border\":\"#011627\",\"editor.hoverHighlightBackground\":\"#7e57c25a\",\"editorHoverWidget.background\":\"#011627\",\"editorHoverWidget.foreground\":\"#d6deeb\",\"editorHoverWidget.border\":\"#5f7e97\",\"editorHoverWidget.statusBarBackground\":\"#011a2f\",\"titleBar.activeBackground\":\"var(--sl-color-black)\",\"titleBar.activeForeground\":\"var(--sl-color-text)\",\"titleBar.inactiveBackground\":\"#010e1a\",\"titleBar.inactiveForeground\":\"#eeefff99\",\"titleBar.border\":\"color-mix(in srgb, var(--sl-color-gray-5), transparent 25%)\",\"toolbar.hoverBackground\":\"#5a5d5e50\",\"toolbar.activeBackground\":\"#63666750\",\"tab.activeBackground\":\"#0b2942\",\"tab.unfocusedActiveBackground\":\"#0b2942\",\"tab.inactiveBackground\":\"#01111d\",\"tab.unfocusedInactiveBackground\":\"#01111d\",\"tab.activeForeground\":\"var(--sl-color-text)\",\"tab.inactiveForeground\":\"#5f7e97\",\"tab.unfocusedActiveForeground\":\"#5f7e97\",\"tab.unfocusedInactiveForeground\":\"#5f7e97\",\"tab.hoverBackground\":null,\"tab.unfocusedHoverBackground\":null,\"tab.hoverForeground\":null,\"tab.unfocusedHoverForeground\":null,\"tab.border\":\"#272b3b\",\"tab.lastPinnedBorder\":\"#585858\",\"tab.activeBorder\":\"transparent\",\"tab.unfocusedActiveBorder\":\"#262a39\",\"tab.activeBorderTop\":\"var(--sl-color-accent-high)\",\"tab.unfocusedActiveBorderTop\":null,\"tab.hoverBorder\":null,\"tab.unfocusedHoverBorder\":null,\"tab.activeModifiedBorder\":\"#3399cc\",\"tab.inactiveModifiedBorder\":\"#3399cc80\",\"tab.unfocusedActiveModifiedBorder\":\"#3399cc80\",\"tab.unfocusedInactiveModifiedBorder\":\"#3399cc40\",\"badge.background\":\"#5f7e97\",\"badge.foreground\":\"#ffffff\",\"button.background\":\"#7e57c2cc\",\"button.foreground\":\"#ffffffcc\",\"button.border\":\"#122d42\",\"button.separator\":\"#ffffff52\",\"button.hoverBackground\":\"#7e57c2\",\"button.secondaryBackground\":\"#3a3d41\",\"button.secondaryForeground\":\"#ffffff\",\"button.secondaryHoverBackground\":\"#46494e\",\"dropdown.background\":\"#011627\",\"dropdown.foreground\":\"#ffffffcc\",\"dropdown.border\":\"#5f7e97\",\"list.activeSelectionBackground\":\"#234d708c\",\"list.activeSelectionForeground\":\"#ffffff\",\"tree.indentGuidesStroke\":\"#585858\",\"input.background\":\"#0b253a\",\"input.foreground\":\"#ffffffcc\",\"input.placeholderForeground\":\"#5f7e97\",\"inputOption.activeBorder\":\"#ffffffcc\",\"inputOption.hoverBackground\":\"#5a5d5e80\",\"inputOption.activeBackground\":\"#122d4266\",\"inputOption.activeForeground\":\"#ffffff\",\"inputValidation.infoBackground\":\"#00589ef2\",\"inputValidation.infoBorder\":\"#64b5f6\",\"inputValidation.warningBackground\":\"#675700f2\",\"inputValidation.warningBorder\":\"#ffca28\",\"inputValidation.errorBackground\":\"#ab0300f2\",\"inputValidation.errorBorder\":\"#ef5350\",\"keybindingLabel.background\":\"#8080802b\",\"keybindingLabel.foreground\":\"#cccccc\",\"keybindingLabel.border\":\"#33333399\",\"keybindingLabel.bottomBorder\":\"#44444499\",\"menu.foreground\":\"#ffffffcc\",\"menu.background\":\"#011627\",\"menu.selectionForeground\":\"#ffffff\",\"menu.selectionBackground\":\"#234d708c\",\"menu.separatorBackground\":\"#606060\",\"editor.snippetTabstopHighlightBackground\":\"#7c7c74c\",\"editor.snippetFinalTabstopHighlightBorder\":\"#525252\",\"terminal.ansiBlack\":\"#011627\",\"terminal.ansiRed\":\"#ef5350\",\"terminal.ansiGreen\":\"#22da6e\",\"terminal.ansiYellow\":\"#c5e478\",\"terminal.ansiBlue\":\"#82aaff\",\"terminal.ansiMagenta\":\"#c792ea\",\"terminal.ansiCyan\":\"#21c7a8\",\"terminal.ansiWhite\":\"#ffffff\",\"terminal.ansiBrightBlack\":\"#575656\",\"terminal.ansiBrightRed\":\"#ef5350\",\"terminal.ansiBrightGreen\":\"#22da6e\",\"terminal.ansiBrightYellow\":\"#ffeb95\",\"terminal.ansiBrightBlue\":\"#82aaff\",\"terminal.ansiBrightMagenta\":\"#c792ea\",\"terminal.ansiBrightCyan\":\"#7fdbca\",\"terminal.ansiBrightWhite\":\"#ffffff\",\"selection.background\":\"#4373c2\",\"input.border\":\"#5f7e97\",\"punctuation.definition.generic.begin.html\":\"#ef5350f2\",\"progress.background\":\"#7e57c2\",\"breadcrumb.foreground\":\"#a599e9\",\"breadcrumb.focusForeground\":\"#ffffff\",\"breadcrumb.activeSelectionForeground\":\"#ffffff\",\"breadcrumbPicker.background\":\"#001122\",\"list.invalidItemForeground\":\"#975f94\",\"list.dropBackground\":\"#011627\",\"list.focusBackground\":\"#010d18\",\"list.focusForeground\":\"#ffffff\",\"list.highlightForeground\":\"#ffffff\",\"list.hoverBackground\":\"#011627\",\"list.hoverForeground\":\"#ffffff\",\"list.inactiveSelectionBackground\":\"#0e293f\",\"list.inactiveSelectionForeground\":\"#5f7e97\",\"activityBar.background\":\"#011627\",\"activityBar.dropBackground\":\"#5f7e97\",\"activityBar.foreground\":\"#5f7e97\",\"activityBar.border\":\"#011627\",\"activityBarBadge.background\":\"#44596b\",\"activityBarBadge.foreground\":\"#ffffff\",\"sideBar.background\":\"#011627\",\"sideBar.foreground\":\"#89a4bb\",\"sideBar.border\":\"#011627\",\"sideBarTitle.foreground\":\"#5f7e97\",\"sideBarSectionHeader.background\":\"#011627\",\"sideBarSectionHeader.foreground\":\"#5f7e97\",\"editorCursor.foreground\":\"#80a4c2\",\"editor.wordHighlightBackground\":\"#f6bbe533\",\"editor.wordHighlightStrongBackground\":\"#e2a2f433\",\"editor.lineHighlightBackground\":\"#0003\",\"editor.rangeHighlightBackground\":\"#7e57c25a\",\"editorIndentGuide.background\":\"#5e81ce52\",\"editorIndentGuide.activeBackground\":\"#7e97ac\",\"editorRuler.foreground\":\"#5e81ce52\",\"editorCodeLens.foreground\":\"#5e82ceb4\",\"editorBracketMatch.background\":\"#5f7e974d\",\"editorOverviewRuler.currentContentForeground\":\"#7e57c2\",\"editorOverviewRuler.incomingContentForeground\":\"#7e57c2\",\"editorOverviewRuler.commonContentForeground\":\"#7e57c2\",\"editorGutter.background\":\"#011627\",\"editorGutter.modifiedBackground\":\"#e2b93d\",\"editorGutter.addedBackground\":\"#9ccc65\",\"editorGutter.deletedBackground\":\"#ef5350\",\"editorSuggestWidget.background\":\"#2c3043\",\"editorSuggestWidget.border\":\"#2b2f40\",\"editorSuggestWidget.foreground\":\"#d6deeb\",\"editorSuggestWidget.highlightForeground\":\"#ffffff\",\"editorSuggestWidget.selectedBackground\":\"#5f7e97\",\"debugExceptionWidget.background\":\"#011627\",\"debugExceptionWidget.border\":\"#5f7e97\",\"editorMarkerNavigation.background\":\"#0b2942\",\"editorMarkerNavigationError.background\":\"#ef5350\",\"editorMarkerNavigationWarning.background\":\"#ffca28\",\"peekView.border\":\"#5f7e97\",\"peekViewEditor.background\":\"#011627\",\"peekViewEditor.matchHighlightBackground\":\"#7e57c25a\",\"peekViewResult.background\":\"#011627\",\"peekViewResult.fileForeground\":\"#5f7e97\",\"peekViewResult.lineForeground\":\"#5f7e97\",\"peekViewResult.matchHighlightBackground\":\"#ffffffcc\",\"peekViewResult.selectionBackground\":\"#2e3250\",\"peekViewResult.selectionForeground\":\"#5f7e97\",\"peekViewTitle.background\":\"#011627\",\"peekViewTitleDescription.foreground\":\"#697098\",\"peekViewTitleLabel.foreground\":\"#5f7e97\",\"merge.currentHeaderBackground\":\"#5f7e97\",\"merge.incomingHeaderBackground\":\"#7e57c25a\",\"statusBar.background\":\"#011627\",\"statusBar.foreground\":\"#5f7e97\",\"statusBar.border\":\"#262a39\",\"statusBar.debuggingBackground\":\"#202431\",\"statusBar.debuggingBorder\":\"#1f2330\",\"statusBar.noFolderBackground\":\"#011627\",\"statusBar.noFolderBorder\":\"#25293a\",\"statusBarItem.activeBackground\":\"#202431\",\"statusBarItem.hoverBackground\":\"#202431\",\"statusBarItem.prominentBackground\":\"#202431\",\"statusBarItem.prominentHoverBackground\":\"#202431\",\"notifications.background\":\"#01111d\",\"notifications.border\":\"#262a39\",\"notificationCenter.border\":\"#262a39\",\"notificationToast.border\":\"#262a39\",\"notifications.foreground\":\"#ffffffcc\",\"notificationLink.foreground\":\"#80cbc4\",\"extensionButton.prominentForeground\":\"#ffffffcc\",\"extensionButton.prominentBackground\":\"#7e57c2cc\",\"extensionButton.prominentHoverBackground\":\"#7e57c2\",\"terminal.selectionBackground\":\"#1b90dd4d\",\"terminalCursor.background\":\"#234d70\",\"debugToolBar.background\":\"#011627\",\"welcomePage.buttonBackground\":\"#011627\",\"welcomePage.buttonHoverBackground\":\"#011627\",\"walkThrough.embeddedEditorBackground\":\"#011627\",\"gitDecoration.modifiedResourceForeground\":\"#a2bffc\",\"gitDecoration.deletedResourceForeground\":\"#ef535090\",\"gitDecoration.untrackedResourceForeground\":\"#c5e478ff\",\"gitDecoration.ignoredResourceForeground\":\"#395a75\",\"gitDecoration.conflictingResourceForeground\":\"#ffeb95cc\",\"source.elm\":\"#5f7e97\",\"string.quoted.single.js\":\"#ffffff\",\"meta.objectliteral.js\":\"#82aaff\"},\"fg\":\"#d6deeb\",\"bg\":\"#23262f\",\"semanticHighlighting\":false,\"settings\":[{\"name\":\"Changed\",\"scope\":[\"markup.changed\",\"meta.diff.header.git\",\"meta.diff.header.from-file\",\"meta.diff.header.to-file\"],\"settings\":{\"foreground\":\"#a2bffc\"}},{\"name\":\"Deleted\",\"scope\":[\"markup.deleted.diff\"],\"settings\":{\"foreground\":\"#f05b58fe\"}},{\"name\":\"Inserted\",\"scope\":[\"markup.inserted.diff\"],\"settings\":{\"foreground\":\"#c5e478\"}},{\"name\":\"Global settings\",\"settings\":{\"background\":\"#011627\",\"foreground\":\"#d6deeb\"}},{\"name\":\"Comment\",\"scope\":[\"comment\"],\"settings\":{\"foreground\":\"#809191\",\"fontStyle\":\"\"}},{\"name\":\"String\",\"scope\":[\"string\"],\"settings\":{\"foreground\":\"#ecc48d\"}},{\"name\":\"String Quoted\",\"scope\":[\"string.quoted\",\"variable.other.readwrite.js\"],\"settings\":{\"foreground\":\"#ecc48d\"}},{\"name\":\"Support Constant Math\",\"scope\":[\"support.constant.math\"],\"settings\":{\"foreground\":\"#c5e478\"}},{\"name\":\"Number\",\"scope\":[\"constant.numeric\",\"constant.character.numeric\"],\"settings\":{\"foreground\":\"#f78c6c\",\"fontStyle\":\"\"}},{\"name\":\"Built-in constant\",\"scope\":[\"constant.language\",\"punctuation.definition.constant\",\"variable.other.constant\"],\"settings\":{\"foreground\":\"#82aaff\"}},{\"name\":\"User-defined constant\",\"scope\":[\"constant.character\",\"constant.other\"],\"settings\":{\"foreground\":\"#82aaff\"}},{\"name\":\"Constant Character Escape\",\"scope\":[\"constant.character.escape\"],\"settings\":{\"foreground\":\"#f78c6c\"}},{\"name\":\"RegExp String\",\"scope\":[\"string.regexp\",\"string.regexp keyword.other\"],\"settings\":{\"foreground\":\"#5ca7e4\"}},{\"name\":\"Comma in functions\",\"scope\":[\"meta.function punctuation.separator.comma\"],\"settings\":{\"foreground\":\"#7690a6\"}},{\"name\":\"Variable\",\"scope\":[\"variable\"],\"settings\":{\"foreground\":\"#c5e478\"}},{\"name\":\"Keyword\",\"scope\":[\"punctuation.accessor\",\"keyword\"],\"settings\":{\"foreground\":\"#c792ea\",\"fontStyle\":\"\"}},{\"name\":\"Storage\",\"scope\":[\"storage\",\"meta.var.expr\",\"meta.class meta.method.declaration meta.var.expr storage.type.js\",\"storage.type.property.js\",\"storage.type.property.ts\",\"storage.type.property.tsx\"],\"settings\":{\"foreground\":\"#c792ea\",\"fontStyle\":\"\"}},{\"name\":\"Storage type\",\"scope\":[\"storage.type\"],\"settings\":{\"foreground\":\"#c792ea\"}},{\"name\":\"Storage type\",\"scope\":[\"storage.type.function.arrow.js\"],\"settings\":{\"fontStyle\":\"\"}},{\"name\":\"Class name\",\"scope\":[\"entity.name.class\",\"meta.class entity.name.type.class\"],\"settings\":{\"foreground\":\"#ffcb8b\"}},{\"name\":\"Inherited class\",\"scope\":[\"entity.other.inherited-class\"],\"settings\":{\"foreground\":\"#c5e478\"}},{\"name\":\"Function name\",\"scope\":[\"entity.name.function\"],\"settings\":{\"foreground\":\"#c792ea\",\"fontStyle\":\"\"}},{\"name\":\"Meta Tag\",\"scope\":[\"punctuation.definition.tag\",\"meta.tag\"],\"settings\":{\"foreground\":\"#7fdbca\"}},{\"name\":\"HTML Tag names\",\"scope\":[\"entity.name.tag\",\"meta.tag.other.html\",\"meta.tag.other.js\",\"meta.tag.other.tsx\",\"entity.name.tag.tsx\",\"entity.name.tag.js\",\"entity.name.tag\",\"meta.tag.js\",\"meta.tag.tsx\",\"meta.tag.html\"],\"settings\":{\"foreground\":\"#caece6\",\"fontStyle\":\"\"}},{\"name\":\"Tag attribute\",\"scope\":[\"entity.other.attribute-name\"],\"settings\":{\"fontStyle\":\"\",\"foreground\":\"#c5e478\"}},{\"name\":\"Entity Name Tag Custom\",\"scope\":[\"entity.name.tag.custom\"],\"settings\":{\"foreground\":\"#c5e478\"}},{\"name\":\"Library (function & constant)\",\"scope\":[\"support.function\",\"support.constant\"],\"settings\":{\"foreground\":\"#82aaff\"}},{\"name\":\"Support Constant Property Value meta\",\"scope\":[\"support.constant.meta.property-value\"],\"settings\":{\"foreground\":\"#7fdbca\"}},{\"name\":\"Library class/type\",\"scope\":[\"support.type\",\"support.class\"],\"settings\":{\"foreground\":\"#c5e478\"}},{\"name\":\"Support Variable DOM\",\"scope\":[\"support.variable.dom\"],\"settings\":{\"foreground\":\"#c5e478\"}},{\"name\":\"Invalid\",\"scope\":[\"invalid\"],\"settings\":{\"background\":\"#ff2c83\",\"foreground\":\"#ffffff\"}},{\"name\":\"Invalid deprecated\",\"scope\":[\"invalid.deprecated\"],\"settings\":{\"foreground\":\"#ffffff\",\"background\":\"#d3423e\"}},{\"name\":\"Keyword Operator\",\"scope\":[\"keyword.operator\"],\"settings\":{\"foreground\":\"#7fdbca\",\"fontStyle\":\"\"}},{\"name\":\"Keyword Operator Relational\",\"scope\":[\"keyword.operator.relational\"],\"settings\":{\"foreground\":\"#c792ea\",\"fontStyle\":\"\"}},{\"name\":\"Keyword Operator Assignment\",\"scope\":[\"keyword.operator.assignment\"],\"settings\":{\"foreground\":\"#c792ea\"}},{\"name\":\"Keyword Operator Arithmetic\",\"scope\":[\"keyword.operator.arithmetic\"],\"settings\":{\"foreground\":\"#c792ea\"}},{\"name\":\"Keyword Operator Bitwise\",\"scope\":[\"keyword.operator.bitwise\"],\"settings\":{\"foreground\":\"#c792ea\"}},{\"name\":\"Keyword Operator Increment\",\"scope\":[\"keyword.operator.increment\"],\"settings\":{\"foreground\":\"#c792ea\"}},{\"name\":\"Keyword Operator Ternary\",\"scope\":[\"keyword.operator.ternary\"],\"settings\":{\"foreground\":\"#c792ea\"}},{\"name\":\"Double-Slashed Comment\",\"scope\":[\"comment.line.double-slash\"],\"settings\":{\"foreground\":\"#809191\"}},{\"name\":\"Object\",\"scope\":[\"object\"],\"settings\":{\"foreground\":\"#cdebf7\"}},{\"name\":\"Null\",\"scope\":[\"constant.language.null\"],\"settings\":{\"foreground\":\"#ff5874\"}},{\"name\":\"Meta Brace\",\"scope\":[\"meta.brace\"],\"settings\":{\"foreground\":\"#d6deeb\"}},{\"name\":\"Meta Delimiter Period\",\"scope\":[\"meta.delimiter.period\"],\"settings\":{\"foreground\":\"#c792ea\",\"fontStyle\":\"\"}},{\"name\":\"Punctuation Definition String\",\"scope\":[\"punctuation.definition.string\"],\"settings\":{\"foreground\":\"#d9f5dd\"}},{\"name\":\"Punctuation Definition String Markdown\",\"scope\":[\"punctuation.definition.string.begin.markdown\"],\"settings\":{\"foreground\":\"#ff5874\"}},{\"name\":\"Boolean\",\"scope\":[\"constant.language.boolean\"],\"settings\":{\"foreground\":\"#ff5874\"}},{\"name\":\"Object Comma\",\"scope\":[\"object.comma\"],\"settings\":{\"foreground\":\"#ffffff\"}},{\"name\":\"Variable Parameter Function\",\"scope\":[\"variable.parameter.function\"],\"settings\":{\"foreground\":\"#7fdbca\",\"fontStyle\":\"\"}},{\"name\":\"Support Type Property Name & entity name tags\",\"scope\":[\"support.type.vendor.property-name\",\"support.constant.vendor.property-value\",\"support.type.property-name\",\"meta.property-list entity.name.tag\"],\"settings\":{\"foreground\":\"#80cbc4\",\"fontStyle\":\"\"}},{\"name\":\"Entity Name tag reference in stylesheets\",\"scope\":[\"meta.property-list entity.name.tag.reference\"],\"settings\":{\"foreground\":\"#57eaf1\"}},{\"name\":\"Constant Other Color RGB Value Punctuation Definition Constant\",\"scope\":[\"constant.other.color.rgb-value punctuation.definition.constant\"],\"settings\":{\"foreground\":\"#f78c6c\"}},{\"name\":\"Constant Other Color\",\"scope\":[\"constant.other.color\"],\"settings\":{\"foreground\":\"#ffeb95\"}},{\"name\":\"Keyword Other Unit\",\"scope\":[\"keyword.other.unit\"],\"settings\":{\"foreground\":\"#ffeb95\"}},{\"name\":\"Meta Selector\",\"scope\":[\"meta.selector\"],\"settings\":{\"foreground\":\"#c792ea\",\"fontStyle\":\"\"}},{\"name\":\"Entity Other Attribute Name Id\",\"scope\":[\"entity.other.attribute-name.id\"],\"settings\":{\"foreground\":\"#fad430\"}},{\"name\":\"Meta Property Name\",\"scope\":[\"meta.property-name\"],\"settings\":{\"foreground\":\"#80cbc4\"}},{\"name\":\"Doctypes\",\"scope\":[\"entity.name.tag.doctype\",\"meta.tag.sgml.doctype\"],\"settings\":{\"foreground\":\"#c792ea\",\"fontStyle\":\"\"}},{\"name\":\"Punctuation Definition Parameters\",\"scope\":[\"punctuation.definition.parameters\"],\"settings\":{\"foreground\":\"#d9f5dd\"}},{\"name\":\"Keyword Control Operator\",\"scope\":[\"keyword.control.operator\"],\"settings\":{\"foreground\":\"#7fdbca\"}},{\"name\":\"Keyword Operator Logical\",\"scope\":[\"keyword.operator.logical\"],\"settings\":{\"foreground\":\"#c792ea\",\"fontStyle\":\"\"}},{\"name\":\"Variable Instances\",\"scope\":[\"variable.instance\",\"variable.other.instance\",\"variable.readwrite.instance\",\"variable.other.readwrite.instance\",\"variable.other.property\"],\"settings\":{\"foreground\":\"#7fdbca\"}},{\"name\":\"Variable Property Other object property\",\"scope\":[\"variable.other.object.property\"],\"settings\":{\"foreground\":\"#faf39f\",\"fontStyle\":\"\"}},{\"name\":\"Variable Property Other object\",\"scope\":[\"variable.other.object.js\"],\"settings\":{\"fontStyle\":\"\"}},{\"name\":\"Entity Name Function\",\"scope\":[\"entity.name.function\"],\"settings\":{\"foreground\":\"#82aaff\",\"fontStyle\":\"\"}},{\"name\":\"Keyword Operator Comparison, returns, imports, and Keyword Operator Ruby\",\"scope\":[\"keyword.control.conditional.js\",\"keyword.operator.comparison\",\"keyword.control.flow.js\",\"keyword.control.flow.ts\",\"keyword.control.flow.tsx\",\"keyword.control.ruby\",\"keyword.control.def.ruby\",\"keyword.control.loop.js\",\"keyword.control.loop.ts\",\"keyword.control.import.js\",\"keyword.control.import.ts\",\"keyword.control.import.tsx\",\"keyword.control.from.js\",\"keyword.control.from.ts\",\"keyword.control.from.tsx\",\"keyword.control.conditional.js\",\"keyword.control.conditional.ts\",\"keyword.control.switch.js\",\"keyword.control.switch.ts\",\"keyword.operator.instanceof.js\",\"keyword.operator.expression.instanceof.ts\",\"keyword.operator.expression.instanceof.tsx\"],\"settings\":{\"foreground\":\"#c792ea\",\"fontStyle\":\"\"}},{\"name\":\"Support Constant, `new` keyword, Special Method Keyword, `debugger`, other keywords\",\"scope\":[\"support.constant\",\"keyword.other.special-method\",\"keyword.other.new\",\"keyword.other.debugger\",\"keyword.control\"],\"settings\":{\"foreground\":\"#7fdbca\"}},{\"name\":\"Support Function\",\"scope\":[\"support.function\"],\"settings\":{\"foreground\":\"#c5e478\"}},{\"name\":\"Invalid Broken\",\"scope\":[\"invalid.broken\"],\"settings\":{\"foreground\":\"#888e91\",\"background\":\"#F78C6C\"}},{\"name\":\"Invalid Unimplemented\",\"scope\":[\"invalid.unimplemented\"],\"settings\":{\"background\":\"#8BD649\",\"foreground\":\"#ffffff\"}},{\"name\":\"Invalid Illegal\",\"scope\":[\"invalid.illegal\"],\"settings\":{\"foreground\":\"#ffffff\",\"background\":\"#ec5f67\"}},{\"name\":\"Language Variable\",\"scope\":[\"variable.language\"],\"settings\":{\"foreground\":\"#7fdbca\"}},{\"name\":\"Support Variable Property\",\"scope\":[\"support.variable.property\"],\"settings\":{\"foreground\":\"#7fdbca\"}},{\"name\":\"Variable Function\",\"scope\":[\"variable.function\"],\"settings\":{\"foreground\":\"#82aaff\"}},{\"name\":\"Variable Interpolation\",\"scope\":[\"variable.interpolation\"],\"settings\":{\"foreground\":\"#ec5f67\"}},{\"name\":\"Meta Function Call\",\"scope\":[\"meta.function-call\"],\"settings\":{\"foreground\":\"#82aaff\"}},{\"name\":\"Punctuation Section Embedded\",\"scope\":[\"punctuation.section.embedded\"],\"settings\":{\"foreground\":\"#dd6b68\"}},{\"name\":\"Punctuation Tweaks\",\"scope\":[\"punctuation.terminator.expression\",\"punctuation.definition.arguments\",\"punctuation.definition.array\",\"punctuation.section.array\",\"meta.array\"],\"settings\":{\"foreground\":\"#d6deeb\"}},{\"name\":\"More Punctuation Tweaks\",\"scope\":[\"punctuation.definition.list.begin\",\"punctuation.definition.list.end\",\"punctuation.separator.arguments\",\"punctuation.definition.list\"],\"settings\":{\"foreground\":\"#d9f5dd\"}},{\"name\":\"Template Strings\",\"scope\":[\"string.template meta.template.expression\"],\"settings\":{\"foreground\":\"#dd6b68\"}},{\"name\":\"Backtics(``) in Template Strings\",\"scope\":[\"string.template punctuation.definition.string\"],\"settings\":{\"foreground\":\"#d6deeb\"}},{\"name\":\"Italics\",\"scope\":[\"italic\"],\"settings\":{\"foreground\":\"#c792ea\",\"fontStyle\":\"italic\"}},{\"name\":\"Bold\",\"scope\":[\"bold\"],\"settings\":{\"foreground\":\"#c5e478\",\"fontStyle\":\"bold\"}},{\"name\":\"Quote\",\"scope\":[\"quote\"],\"settings\":{\"foreground\":\"#868cac\",\"fontStyle\":\"\"}},{\"name\":\"Raw Code\",\"scope\":[\"raw\"],\"settings\":{\"foreground\":\"#80cbc4\"}},{\"name\":\"CoffeScript Variable Assignment\",\"scope\":[\"variable.assignment.coffee\"],\"settings\":{\"foreground\":\"#31e1eb\"}},{\"name\":\"CoffeScript Parameter Function\",\"scope\":[\"variable.parameter.function.coffee\"],\"settings\":{\"foreground\":\"#d6deeb\"}},{\"name\":\"CoffeeScript Assignments\",\"scope\":[\"variable.assignment.coffee\"],\"settings\":{\"foreground\":\"#7fdbca\"}},{\"name\":\"C# Readwrite Variables\",\"scope\":[\"variable.other.readwrite.cs\"],\"settings\":{\"foreground\":\"#d6deeb\"}},{\"name\":\"C# Classes & Storage types\",\"scope\":[\"entity.name.type.class.cs\",\"storage.type.cs\"],\"settings\":{\"foreground\":\"#ffcb8b\"}},{\"name\":\"C# Namespaces\",\"scope\":[\"entity.name.type.namespace.cs\"],\"settings\":{\"foreground\":\"#b2ccd6\"}},{\"name\":\"C# Unquoted String Zone\",\"scope\":[\"string.unquoted.preprocessor.message.cs\"],\"settings\":{\"foreground\":\"#d6deeb\"}},{\"name\":\"C# Region\",\"scope\":[\"punctuation.separator.hash.cs\",\"keyword.preprocessor.region.cs\",\"keyword.preprocessor.endregion.cs\"],\"settings\":{\"foreground\":\"#ffcb8b\",\"fontStyle\":\"bold\"}},{\"name\":\"C# Other Variables\",\"scope\":[\"variable.other.object.cs\"],\"settings\":{\"foreground\":\"#b2ccd6\"}},{\"name\":\"C# Enum\",\"scope\":[\"entity.name.type.enum.cs\"],\"settings\":{\"foreground\":\"#c5e478\"}},{\"name\":\"Dart String\",\"scope\":[\"string.interpolated.single.dart\",\"string.interpolated.double.dart\"],\"settings\":{\"foreground\":\"#ffcb8b\"}},{\"name\":\"Dart Class\",\"scope\":[\"support.class.dart\"],\"settings\":{\"foreground\":\"#ffcb8b\"}},{\"name\":\"Tag names in Stylesheets\",\"scope\":[\"entity.name.tag.css\",\"entity.name.tag.less\",\"entity.name.tag.custom.css\",\"support.constant.property-value.css\"],\"settings\":{\"foreground\":\"#ff6363\",\"fontStyle\":\"\"}},{\"name\":\"Wildcard(*) selector in Stylesheets\",\"scope\":[\"entity.name.tag.wildcard.css\",\"entity.name.tag.wildcard.less\",\"entity.name.tag.wildcard.scss\",\"entity.name.tag.wildcard.sass\"],\"settings\":{\"foreground\":\"#7fdbca\"}},{\"name\":\"CSS Keyword Other Unit\",\"scope\":[\"keyword.other.unit.css\"],\"settings\":{\"foreground\":\"#ffeb95\"}},{\"name\":\"Attribute Name for CSS\",\"scope\":[\"meta.attribute-selector.css entity.other.attribute-name.attribute\",\"variable.other.readwrite.js\"],\"settings\":{\"foreground\":\"#f78c6c\"}},{\"name\":\"Elixir Classes\",\"scope\":[\"source.elixir support.type.elixir\",\"source.elixir meta.module.elixir entity.name.class.elixir\"],\"settings\":{\"foreground\":\"#82aaff\"}},{\"name\":\"Elixir Functions\",\"scope\":[\"source.elixir entity.name.function\"],\"settings\":{\"foreground\":\"#c5e478\"}},{\"name\":\"Elixir Constants\",\"scope\":[\"source.elixir constant.other.symbol.elixir\",\"source.elixir constant.other.keywords.elixir\"],\"settings\":{\"foreground\":\"#82aaff\"}},{\"name\":\"Elixir String Punctuations\",\"scope\":[\"source.elixir punctuation.definition.string\"],\"settings\":{\"foreground\":\"#c5e478\"}},{\"name\":\"Elixir\",\"scope\":[\"source.elixir variable.other.readwrite.module.elixir\",\"source.elixir variable.other.readwrite.module.elixir punctuation.definition.variable.elixir\"],\"settings\":{\"foreground\":\"#c5e478\"}},{\"name\":\"Elixir Binary Punctuations\",\"scope\":[\"source.elixir .punctuation.binary.elixir\"],\"settings\":{\"foreground\":\"#c792ea\",\"fontStyle\":\"\"}},{\"name\":\"Closure Constant Keyword\",\"scope\":[\"constant.keyword.clojure\"],\"settings\":{\"foreground\":\"#7fdbca\"}},{\"name\":\"Go Function Calls\",\"scope\":[\"source.go meta.function-call.go\"],\"settings\":{\"foreground\":\"#dddddd\"}},{\"name\":\"Go Keywords\",\"scope\":[\"source.go keyword.package.go\",\"source.go keyword.import.go\",\"source.go keyword.function.go\",\"source.go keyword.type.go\",\"source.go keyword.struct.go\",\"source.go keyword.interface.go\",\"source.go keyword.const.go\",\"source.go keyword.var.go\",\"source.go keyword.map.go\",\"source.go keyword.channel.go\",\"source.go keyword.control.go\"],\"settings\":{\"foreground\":\"#c792ea\"}},{\"name\":\"Go Constants e.g. nil, string format (%s, %d, etc.)\",\"scope\":[\"source.go constant.language.go\",\"source.go constant.other.placeholder.go\"],\"settings\":{\"foreground\":\"#ff5874\"}},{\"name\":\"C++ Functions\",\"scope\":[\"entity.name.function.preprocessor.cpp\",\"entity.scope.name.cpp\"],\"settings\":{\"foreground\":\"#7fdbca\"}},{\"name\":\"C++ Meta Namespace\",\"scope\":[\"meta.namespace-block.cpp\"],\"settings\":{\"foreground\":\"#e0dec6\"}},{\"name\":\"C++ Language Primitive Storage\",\"scope\":[\"storage.type.language.primitive.cpp\"],\"settings\":{\"foreground\":\"#ff5874\"}},{\"name\":\"C++ Preprocessor Macro\",\"scope\":[\"meta.preprocessor.macro.cpp\"],\"settings\":{\"foreground\":\"#d6deeb\"}},{\"name\":\"C++ Variable Parameter\",\"scope\":[\"variable.parameter\"],\"settings\":{\"foreground\":\"#ffcb8b\"}},{\"name\":\"Powershell Variables\",\"scope\":[\"variable.other.readwrite.powershell\"],\"settings\":{\"foreground\":\"#82aaff\"}},{\"name\":\"Powershell Function\",\"scope\":[\"support.function.powershell\"],\"settings\":{\"foreground\":\"#7fdbca\"}},{\"name\":\"ID Attribute Name in HTML\",\"scope\":[\"entity.other.attribute-name.id.html\"],\"settings\":{\"foreground\":\"#c5e478\"}},{\"name\":\"HTML Punctuation Definition Tag\",\"scope\":[\"punctuation.definition.tag.html\"],\"settings\":{\"foreground\":\"#6ae9f0\"}},{\"name\":\"HTML Doctype\",\"scope\":[\"meta.tag.sgml.doctype.html\"],\"settings\":{\"foreground\":\"#c792ea\",\"fontStyle\":\"\"}},{\"name\":\"JavaScript Classes\",\"scope\":[\"meta.class entity.name.type.class.js\"],\"settings\":{\"foreground\":\"#ffcb8b\"}},{\"name\":\"JavaScript Method Declaration e.g. `constructor`\",\"scope\":[\"meta.method.declaration storage.type.js\"],\"settings\":{\"foreground\":\"#82aaff\"}},{\"name\":\"JavaScript Terminator\",\"scope\":[\"terminator.js\"],\"settings\":{\"foreground\":\"#d6deeb\"}},{\"name\":\"JavaScript Meta Punctuation Definition\",\"scope\":[\"meta.js punctuation.definition.js\"],\"settings\":{\"foreground\":\"#d6deeb\"}},{\"name\":\"Entity Names in Code Documentations\",\"scope\":[\"entity.name.type.instance.jsdoc\",\"entity.name.type.instance.phpdoc\"],\"settings\":{\"foreground\":\"#7690a6\"}},{\"name\":\"Other Variables in Code Documentations\",\"scope\":[\"variable.other.jsdoc\",\"variable.other.phpdoc\"],\"settings\":{\"foreground\":\"#78ccf0\"}},{\"name\":\"JavaScript module imports and exports\",\"scope\":[\"variable.other.meta.import.js\",\"meta.import.js variable.other\",\"variable.other.meta.export.js\",\"meta.export.js variable.other\"],\"settings\":{\"foreground\":\"#d6deeb\"}},{\"name\":\"JavaScript Variable Parameter Function\",\"scope\":[\"variable.parameter.function.js\"],\"settings\":{\"foreground\":\"#7986e7\"}},{\"name\":\"JavaScript[React] Variable Other Object\",\"scope\":[\"variable.other.object.js\",\"variable.other.object.jsx\",\"variable.object.property.js\",\"variable.object.property.jsx\"],\"settings\":{\"foreground\":\"#d6deeb\"}},{\"name\":\"JavaScript Variables\",\"scope\":[\"variable.js\",\"variable.other.js\"],\"settings\":{\"foreground\":\"#d6deeb\"}},{\"name\":\"JavaScript Entity Name Type\",\"scope\":[\"entity.name.type.js\",\"entity.name.type.module.js\"],\"settings\":{\"foreground\":\"#ffcb8b\",\"fontStyle\":\"\"}},{\"name\":\"JavaScript Support Classes\",\"scope\":[\"support.class.js\"],\"settings\":{\"foreground\":\"#d6deeb\"}},{\"name\":\"JSON Property Names\",\"scope\":[\"support.type.property-name.json\"],\"settings\":{\"foreground\":\"#7fdbca\"}},{\"name\":\"JSON Support Constants\",\"scope\":[\"support.constant.json\"],\"settings\":{\"foreground\":\"#c5e478\"}},{\"name\":\"JSON Property values (string)\",\"scope\":[\"meta.structure.dictionary.value.json string.quoted.double\"],\"settings\":{\"foreground\":\"#c789d6\"}},{\"name\":\"Strings in JSON values\",\"scope\":[\"string.quoted.double.json punctuation.definition.string.json\"],\"settings\":{\"foreground\":\"#80cbc4\"}},{\"name\":\"Specific JSON Property values like null\",\"scope\":[\"meta.structure.dictionary.json meta.structure.dictionary.value constant.language\"],\"settings\":{\"foreground\":\"#ff5874\"}},{\"name\":\"JavaScript Other Variable\",\"scope\":[\"variable.other.object.js\"],\"settings\":{\"foreground\":\"#7fdbca\"}},{\"name\":\"Ruby Variables\",\"scope\":[\"variable.other.ruby\"],\"settings\":{\"foreground\":\"#d6deeb\"}},{\"name\":\"Ruby Class\",\"scope\":[\"entity.name.type.class.ruby\"],\"settings\":{\"foreground\":\"#ecc48d\"}},{\"name\":\"Ruby Hashkeys\",\"scope\":[\"constant.language.symbol.hashkey.ruby\"],\"settings\":{\"foreground\":\"#7fdbca\"}},{\"name\":\"LESS Tag names\",\"scope\":[\"entity.name.tag.less\"],\"settings\":{\"foreground\":\"#7fdbca\"}},{\"name\":\"LESS Keyword Other Unit\",\"scope\":[\"keyword.other.unit.css\"],\"settings\":{\"foreground\":\"#ffeb95\"}},{\"name\":\"Attribute Name for LESS\",\"scope\":[\"meta.attribute-selector.less entity.other.attribute-name.attribute\"],\"settings\":{\"foreground\":\"#f78c6c\"}},{\"name\":\"Markdown Headings\",\"scope\":[\"markup.heading.markdown\",\"markup.heading.setext.1.markdown\",\"markup.heading.setext.2.markdown\"],\"settings\":{\"foreground\":\"#82b1ff\"}},{\"name\":\"Markdown Italics\",\"scope\":[\"markup.italic.markdown\"],\"settings\":{\"foreground\":\"#c792ea\",\"fontStyle\":\"italic\"}},{\"name\":\"Markdown Bold\",\"scope\":[\"markup.bold.markdown\"],\"settings\":{\"foreground\":\"#c5e478\",\"fontStyle\":\"bold\"}},{\"name\":\"Markdown Quote + others\",\"scope\":[\"markup.quote.markdown\"],\"settings\":{\"foreground\":\"#868cac\",\"fontStyle\":\"\"}},{\"name\":\"Markdown Raw Code + others\",\"scope\":[\"markup.inline.raw.markdown\"],\"settings\":{\"foreground\":\"#80cbc4\"}},{\"name\":\"Markdown Links\",\"scope\":[\"markup.underline.link.markdown\",\"markup.underline.link.image.markdown\"],\"settings\":{\"foreground\":\"#ff869a\",\"fontStyle\":\"underline\"}},{\"name\":\"Markdown Link Title and Description\",\"scope\":[\"string.other.link.title.markdown\",\"string.other.link.description.markdown\"],\"settings\":{\"foreground\":\"#d6deeb\",\"fontStyle\":\"underline\"}},{\"name\":\"Markdown Punctuation\",\"scope\":[\"punctuation.definition.string.markdown\",\"punctuation.definition.string.begin.markdown\",\"punctuation.definition.string.end.markdown\",\"meta.link.inline.markdown punctuation.definition.string\"],\"settings\":{\"foreground\":\"#82b1ff\"}},{\"name\":\"Markdown MetaData Punctuation\",\"scope\":[\"punctuation.definition.metadata.markdown\"],\"settings\":{\"foreground\":\"#7fdbca\"}},{\"name\":\"Markdown List Punctuation\",\"scope\":[\"beginning.punctuation.definition.list.markdown\"],\"settings\":{\"foreground\":\"#82b1ff\"}},{\"name\":\"Markdown Inline Raw String\",\"scope\":[\"markup.inline.raw.string.markdown\"],\"settings\":{\"foreground\":\"#c5e478\"}},{\"name\":\"PHP Variables\",\"scope\":[\"variable.other.php\"],\"settings\":{\"foreground\":\"#bec5d4\"}},{\"name\":\"Support Classes in PHP\",\"scope\":[\"support.class.php\"],\"settings\":{\"foreground\":\"#ffcb8b\"}},{\"name\":\"Punctuations in PHP function calls\",\"scope\":[\"meta.function-call.php punctuation\"],\"settings\":{\"foreground\":\"#d6deeb\"}},{\"name\":\"PHP Global Variables\",\"scope\":[\"variable.other.global.php\"],\"settings\":{\"foreground\":\"#c5e478\"}},{\"name\":\"Declaration Punctuation in PHP Global Variables\",\"scope\":[\"variable.other.global.php punctuation.definition.variable\"],\"settings\":{\"foreground\":\"#c5e478\"}},{\"name\":\"Language Constants in Python\",\"scope\":[\"constant.language.python\"],\"settings\":{\"foreground\":\"#ff5874\"}},{\"name\":\"Python Function Parameter and Arguments\",\"scope\":[\"variable.parameter.function.python\",\"meta.function-call.arguments.python\"],\"settings\":{\"foreground\":\"#82aaff\"}},{\"name\":\"Python Function Call\",\"scope\":[\"meta.function-call.python\",\"meta.function-call.generic.python\"],\"settings\":{\"foreground\":\"#b2ccd6\"}},{\"name\":\"Punctuations in Python\",\"scope\":[\"punctuation.python\"],\"settings\":{\"foreground\":\"#d6deeb\"}},{\"name\":\"Decorator Functions in Python\",\"scope\":[\"entity.name.function.decorator.python\"],\"settings\":{\"foreground\":\"#c5e478\"}},{\"name\":\"Python Language Variable\",\"scope\":[\"source.python variable.language.special\"],\"settings\":{\"foreground\":\"#8eace3\"}},{\"name\":\"Python import control keyword\",\"scope\":[\"keyword.control\"],\"settings\":{\"foreground\":\"#c792ea\"}},{\"name\":\"SCSS Variable\",\"scope\":[\"variable.scss\",\"variable.sass\",\"variable.parameter.url.scss\",\"variable.parameter.url.sass\"],\"settings\":{\"foreground\":\"#c5e478\"}},{\"name\":\"Variables in SASS At-Rules\",\"scope\":[\"source.css.scss meta.at-rule variable\",\"source.css.sass meta.at-rule variable\"],\"settings\":{\"foreground\":\"#82aaff\"}},{\"name\":\"Variables in SASS At-Rules\",\"scope\":[\"source.css.scss meta.at-rule variable\",\"source.css.sass meta.at-rule variable\"],\"settings\":{\"foreground\":\"#bec5d4\"}},{\"name\":\"Attribute Name for SASS\",\"scope\":[\"meta.attribute-selector.scss entity.other.attribute-name.attribute\",\"meta.attribute-selector.sass entity.other.attribute-name.attribute\"],\"settings\":{\"foreground\":\"#f78c6c\"}},{\"name\":\"Tag names in SASS\",\"scope\":[\"entity.name.tag.scss\",\"entity.name.tag.sass\"],\"settings\":{\"foreground\":\"#7fdbca\"}},{\"name\":\"SASS Keyword Other Unit\",\"scope\":[\"keyword.other.unit.scss\",\"keyword.other.unit.sass\"],\"settings\":{\"foreground\":\"#ffeb95\"}},{\"name\":\"TypeScript[React] Variables and Object Properties\",\"scope\":[\"variable.other.readwrite.alias.ts\",\"variable.other.readwrite.alias.tsx\",\"variable.other.readwrite.ts\",\"variable.other.readwrite.tsx\",\"variable.other.object.ts\",\"variable.other.object.tsx\",\"variable.object.property.ts\",\"variable.object.property.tsx\",\"variable.other.ts\",\"variable.other.tsx\",\"variable.tsx\",\"variable.ts\"],\"settings\":{\"foreground\":\"#d6deeb\"}},{\"name\":\"TypeScript[React] Entity Name Types\",\"scope\":[\"entity.name.type.ts\",\"entity.name.type.tsx\"],\"settings\":{\"foreground\":\"#ffcb8b\"}},{\"name\":\"TypeScript[React] Node Classes\",\"scope\":[\"support.class.node.ts\",\"support.class.node.tsx\"],\"settings\":{\"foreground\":\"#82aaff\"}},{\"name\":\"TypeScript[React] Entity Name Types as Parameters\",\"scope\":[\"meta.type.parameters.ts entity.name.type\",\"meta.type.parameters.tsx entity.name.type\"],\"settings\":{\"foreground\":\"#7690a6\"}},{\"name\":\"TypeScript[React] Import/Export Punctuations\",\"scope\":[\"meta.import.ts punctuation.definition.block\",\"meta.import.tsx punctuation.definition.block\",\"meta.export.ts punctuation.definition.block\",\"meta.export.tsx punctuation.definition.block\"],\"settings\":{\"foreground\":\"#d6deeb\"}},{\"name\":\"TypeScript[React] Punctuation Decorators\",\"scope\":[\"meta.decorator punctuation.decorator.ts\",\"meta.decorator punctuation.decorator.tsx\"],\"settings\":{\"foreground\":\"#82aaff\"}},{\"name\":\"TypeScript[React] Punctuation Decorators\",\"scope\":[\"meta.tag.js meta.jsx.children.tsx\"],\"settings\":{\"foreground\":\"#82aaff\"}},{\"name\":\"YAML Entity Name Tags\",\"scope\":[\"entity.name.tag.yaml\"],\"settings\":{\"foreground\":\"#7fdbca\"}},{\"name\":\"JavaScript Variable Other ReadWrite\",\"scope\":[\"variable.other.readwrite.js\",\"variable.parameter\"],\"settings\":{\"foreground\":\"#d7dbe0\"}},{\"name\":\"Support Class Component\",\"scope\":[\"support.class.component.js\",\"support.class.component.tsx\"],\"settings\":{\"foreground\":\"#f78c6c\",\"fontStyle\":\"\"}},{\"name\":\"Text nested in React tags\",\"scope\":[\"meta.jsx.children\",\"meta.jsx.children.js\",\"meta.jsx.children.tsx\"],\"settings\":{\"foreground\":\"#d6deeb\"}},{\"name\":\"TypeScript Classes\",\"scope\":[\"meta.class entity.name.type.class.tsx\"],\"settings\":{\"foreground\":\"#ffcb8b\"}},{\"name\":\"TypeScript Entity Name Type\",\"scope\":[\"entity.name.type.tsx\",\"entity.name.type.module.tsx\"],\"settings\":{\"foreground\":\"#ffcb8b\"}},{\"name\":\"TypeScript Class Variable Keyword\",\"scope\":[\"meta.class.ts meta.var.expr.ts storage.type.ts\",\"meta.class.tsx meta.var.expr.tsx storage.type.tsx\"],\"settings\":{\"foreground\":\"#c792ea\"}},{\"name\":\"TypeScript Method Declaration e.g. `constructor`\",\"scope\":[\"meta.method.declaration storage.type.ts\",\"meta.method.declaration storage.type.tsx\"],\"settings\":{\"foreground\":\"#82aaff\"}},{\"name\":\"normalize font style of certain components\",\"scope\":[\"meta.property-list.css meta.property-value.css variable.other.less\",\"meta.property-list.scss variable.scss\",\"meta.property-list.sass variable.sass\",\"meta.brace\",\"keyword.operator.operator\",\"keyword.operator.or.regexp\",\"keyword.operator.expression.in\",\"keyword.operator.relational\",\"keyword.operator.assignment\",\"keyword.operator.comparison\",\"keyword.operator.type\",\"keyword.operator\",\"keyword\",\"punctuation.definintion.string\",\"punctuation\",\"variable.other.readwrite.js\",\"storage.type\",\"source.css\",\"string.quoted\"],\"settings\":{\"fontStyle\":\"\"}}],\"styleOverrides\":{\"frames\":{\"editorBackground\":\"var(--sl-color-gray-6)\",\"terminalBackground\":\"var(--sl-color-gray-6)\",\"editorActiveTabBackground\":\"var(--sl-color-gray-6)\",\"terminalTitlebarDotsForeground\":\"color-mix(in srgb, var(--sl-color-gray-5), transparent 25%)\",\"terminalTitlebarDotsOpacity\":\"0.75\",\"inlineButtonForeground\":\"var(--sl-color-text)\",\"frameBoxShadowCssValue\":\"none\"},\"textMarkers\":{\"markBackground\":\"#ffffff17\",\"markBorderColor\":\"#ffffff40\"}}},{\"name\":\"Night Owl Light\",\"type\":\"light\",\"colors\":{\"focusBorder\":\"#93a1a1\",\"foreground\":\"#403f53\",\"disabledForeground\":\"#61616180\",\"descriptionForeground\":\"#403f53\",\"errorForeground\":\"#403f53\",\"icon.foreground\":\"#424242\",\"contrastActiveBorder\":null,\"contrastBorder\":null,\"textBlockQuote.background\":\"#7f7f7f1a\",\"textBlockQuote.border\":\"#007acc80\",\"textCodeBlock.background\":\"#dcdcdc66\",\"textLink.activeForeground\":\"#006ab1\",\"textLink.foreground\":\"#006ab1\",\"textPreformat.foreground\":\"#a31515\",\"textSeparator.foreground\":\"#0000002e\",\"editor.background\":\"#fbfbfb\",\"editor.foreground\":\"#403f53\",\"editorLineNumber.foreground\":\"#90a7b2\",\"editorLineNumber.activeForeground\":\"#403f53\",\"editorActiveLineNumber.foreground\":\"#0b216f\",\"editor.selectionBackground\":\"#e0e0e0\",\"editor.inactiveSelectionBackground\":\"#e0e0e080\",\"editor.selectionHighlightBackground\":\"#339cec33\",\"editorError.foreground\":\"#e64d49\",\"editorWarning.foreground\":\"#daaa01\",\"editorInfo.foreground\":\"#1a85ff\",\"editorHint.foreground\":\"#6c6c6c\",\"problemsErrorIcon.foreground\":\"#e64d49\",\"problemsWarningIcon.foreground\":\"#daaa01\",\"problemsInfoIcon.foreground\":\"#1a85ff\",\"editor.findMatchBackground\":\"#93a1a16c\",\"editor.findMatchHighlightBackground\":\"#93a1a16c\",\"editor.findRangeHighlightBackground\":\"#7497a633\",\"editorLink.activeForeground\":\"#0000ff\",\"editorLightBulb.foreground\":\"#ddb100\",\"editorLightBulbAutoFix.foreground\":\"#007acc\",\"diffEditor.insertedTextBackground\":\"#9ccc2c40\",\"diffEditor.insertedTextBorder\":null,\"diffEditor.removedTextBackground\":\"#ff000033\",\"diffEditor.removedTextBorder\":null,\"diffEditor.insertedLineBackground\":\"#9bb95533\",\"diffEditor.removedLineBackground\":\"#ff000033\",\"editorStickyScroll.background\":\"#fbfbfb\",\"editorStickyScrollHover.background\":\"#f0f0f0\",\"editorInlayHint.background\":\"#2aa29899\",\"editorInlayHint.foreground\":\"#f0f0f0\",\"editorInlayHint.typeBackground\":\"#2aa29899\",\"editorInlayHint.typeForeground\":\"#f0f0f0\",\"editorInlayHint.parameterBackground\":\"#2aa29899\",\"editorInlayHint.parameterForeground\":\"#f0f0f0\",\"editorPane.background\":\"#fbfbfb\",\"editorGroup.emptyBackground\":null,\"editorGroup.focusedEmptyBorder\":null,\"editorGroupHeader.tabsBackground\":\"var(--sl-color-gray-6)\",\"editorGroupHeader.tabsBorder\":\"color-mix(in srgb, var(--sl-color-gray-5), transparent 25%)\",\"editorGroupHeader.noTabsBackground\":\"#f0f0f0\",\"editorGroupHeader.border\":null,\"editorGroup.border\":\"#f0f0f0\",\"editorGroup.dropBackground\":\"#2677cb2d\",\"editorGroup.dropIntoPromptForeground\":\"#403f53\",\"editorGroup.dropIntoPromptBackground\":\"#f0f0f0\",\"editorGroup.dropIntoPromptBorder\":null,\"sideBySideEditor.horizontalBorder\":\"#f0f0f0\",\"sideBySideEditor.verticalBorder\":\"#f0f0f0\",\"scrollbar.shadow\":\"#cccccc\",\"scrollbarSlider.background\":\"#0000001a\",\"scrollbarSlider.hoverBackground\":\"#00000055\",\"scrollbarSlider.activeBackground\":\"#00000099\",\"panel.background\":\"#f0f0f0\",\"panel.border\":\"#d9d9d9\",\"panelTitle.activeBorder\":\"#424242\",\"panelTitle.activeForeground\":\"#424242\",\"panelTitle.inactiveForeground\":\"#424242bf\",\"panelSectionHeader.background\":\"#80808051\",\"terminal.background\":\"#f6f6f6\",\"widget.shadow\":\"#d9d9d9\",\"editorWidget.background\":\"#f0f0f0\",\"editorWidget.foreground\":\"#403f53\",\"editorWidget.border\":\"#d9d9d9\",\"quickInput.background\":\"#f0f0f0\",\"quickInput.foreground\":\"#403f53\",\"quickInputTitle.background\":\"#0000000f\",\"pickerGroup.foreground\":\"#403f53\",\"pickerGroup.border\":\"#d9d9d9\",\"editor.hoverHighlightBackground\":\"#339cec33\",\"editorHoverWidget.background\":\"#f0f0f0\",\"editorHoverWidget.foreground\":\"#403f53\",\"editorHoverWidget.border\":\"#d9d9d9\",\"editorHoverWidget.statusBarBackground\":\"#e4e4e4\",\"titleBar.activeBackground\":\"var(--sl-color-gray-6)\",\"titleBar.activeForeground\":\"var(--sl-color-text)\",\"titleBar.inactiveBackground\":\"#f0f0f099\",\"titleBar.inactiveForeground\":\"#33333399\",\"titleBar.border\":\"color-mix(in srgb, var(--sl-color-gray-5), transparent 25%)\",\"toolbar.hoverBackground\":\"#b8b8b850\",\"toolbar.activeBackground\":\"#a6a6a650\",\"tab.activeBackground\":\"#f6f6f6\",\"tab.unfocusedActiveBackground\":\"#f6f6f6\",\"tab.inactiveBackground\":\"#f0f0f0\",\"tab.unfocusedInactiveBackground\":\"#f0f0f0\",\"tab.activeForeground\":\"var(--sl-color-text)\",\"tab.inactiveForeground\":\"#403f53\",\"tab.unfocusedActiveForeground\":\"#403f53b3\",\"tab.unfocusedInactiveForeground\":\"#403f5380\",\"tab.hoverBackground\":null,\"tab.unfocusedHoverBackground\":null,\"tab.hoverForeground\":null,\"tab.unfocusedHoverForeground\":null,\"tab.border\":\"#f0f0f0\",\"tab.lastPinnedBorder\":\"#a9a9a9\",\"tab.activeBorder\":\"transparent\",\"tab.unfocusedActiveBorder\":null,\"tab.activeBorderTop\":\"var(--sl-color-accent)\",\"tab.unfocusedActiveBorderTop\":null,\"tab.hoverBorder\":null,\"tab.unfocusedHoverBorder\":null,\"tab.activeModifiedBorder\":\"#2aa298\",\"tab.inactiveModifiedBorder\":\"#93a1a1\",\"tab.unfocusedActiveModifiedBorder\":\"#93a1a1\",\"tab.unfocusedInactiveModifiedBorder\":\"#93a1a1\",\"badge.background\":\"#2aa298\",\"badge.foreground\":\"#f0f0f0\",\"button.background\":\"#2aa298\",\"button.foreground\":\"#f0f0f0\",\"button.border\":null,\"button.separator\":\"#f0f0f066\",\"button.hoverBackground\":\"#22827a\",\"button.secondaryBackground\":\"#5f6a79\",\"button.secondaryForeground\":\"#ffffff\",\"button.secondaryHoverBackground\":\"#4c5561\",\"dropdown.background\":\"#f0f0f0\",\"dropdown.foreground\":\"#403f53\",\"dropdown.border\":\"#d9d9d9\",\"list.activeSelectionBackground\":\"#d3e8f8\",\"list.activeSelectionForeground\":\"#403f53\",\"tree.indentGuidesStroke\":\"#a9a9a9\",\"input.background\":\"#f0f0f0\",\"input.foreground\":\"#403f53\",\"input.placeholderForeground\":\"#93a1a1\",\"inputOption.activeBorder\":\"#2aa298\",\"inputOption.hoverBackground\":\"#b8b8b850\",\"inputOption.activeBackground\":\"#93a1a133\",\"inputOption.activeForeground\":\"#000000\",\"inputValidation.infoBackground\":\"#f0f0f0\",\"inputValidation.infoBorder\":\"#d0d0d0\",\"inputValidation.warningBackground\":\"#daaa01\",\"inputValidation.warningBorder\":\"#e0af02\",\"inputValidation.errorBackground\":\"#f76e6e\",\"inputValidation.errorBorder\":\"#de3d3b\",\"keybindingLabel.background\":\"#dddddd66\",\"keybindingLabel.foreground\":\"#555555\",\"keybindingLabel.border\":\"#cccccc66\",\"keybindingLabel.bottomBorder\":\"#bbbbbb66\",\"menu.foreground\":\"#403f53\",\"menu.background\":\"#f0f0f0\",\"menu.selectionForeground\":\"#403f53\",\"menu.selectionBackground\":\"#d3e8f8\",\"menu.separatorBackground\":\"#d4d4d4\",\"editor.snippetTabstopHighlightBackground\":\"#0a326433\",\"editor.snippetFinalTabstopHighlightBorder\":\"#0a326480\",\"terminal.ansiBlack\":\"#403f53\",\"terminal.ansiRed\":\"#de3d3b\",\"terminal.ansiGreen\":\"#08916a\",\"terminal.ansiYellow\":\"#e0af02\",\"terminal.ansiBlue\":\"#288ed7\",\"terminal.ansiMagenta\":\"#d6438a\",\"terminal.ansiCyan\":\"#2aa298\",\"terminal.ansiWhite\":\"#f0f0f0\",\"terminal.ansiBrightBlack\":\"#403f53\",\"terminal.ansiBrightRed\":\"#de3d3b\",\"terminal.ansiBrightGreen\":\"#08916a\",\"terminal.ansiBrightYellow\":\"#daaa01\",\"terminal.ansiBrightBlue\":\"#288ed7\",\"terminal.ansiBrightMagenta\":\"#d6438a\",\"terminal.ansiBrightCyan\":\"#2aa298\",\"terminal.ansiBrightWhite\":\"#f0f0f0\",\"selection.background\":\"#7a8181ad\",\"notifications.background\":\"#f0f0f0\",\"notifications.foreground\":\"#403f53\",\"notificationLink.foreground\":\"#994cc3\",\"notifications.border\":\"#cccccc\",\"notificationCenter.border\":\"#cccccc\",\"notificationToast.border\":\"#cccccc\",\"notificationCenterHeader.foreground\":\"#403f53\",\"notificationCenterHeader.background\":\"#f0f0f0\",\"input.border\":\"#d9d9d9\",\"progressBar.background\":\"#2aa298\",\"list.inactiveSelectionBackground\":\"#e0e7ea\",\"list.inactiveSelectionForeground\":\"#403f53\",\"list.focusBackground\":\"#d3e8f8\",\"list.hoverBackground\":\"#d3e8f8\",\"list.focusForeground\":\"#403f53\",\"list.hoverForeground\":\"#403f53\",\"list.highlightForeground\":\"#403f53\",\"list.errorForeground\":\"#e64d49\",\"list.warningForeground\":\"#daaa01\",\"activityBar.background\":\"#f0f0f0\",\"activityBar.foreground\":\"#403f53\",\"activityBar.dropBackground\":\"#d0d0d0\",\"activityBarBadge.background\":\"#403f53\",\"activityBarBadge.foreground\":\"#f0f0f0\",\"activityBar.border\":\"#f0f0f0\",\"sideBar.background\":\"#f0f0f0\",\"sideBar.foreground\":\"#403f53\",\"sideBarTitle.foreground\":\"#403f53\",\"sideBar.border\":\"#f0f0f0\",\"editorGroup.background\":\"#f6f6f6\",\"editorCursor.foreground\":\"#90a7b2\",\"editor.wordHighlightBackground\":\"#339cec33\",\"editor.wordHighlightStrongBackground\":\"#007dd659\",\"editor.lineHighlightBackground\":\"#f0f0f0\",\"editor.rangeHighlightBackground\":\"#7497a633\",\"editorWhitespace.foreground\":\"#d9d9d9\",\"editorIndentGuide.background\":\"#d9d9d9\",\"editorCodeLens.foreground\":\"#403f53\",\"editorBracketMatch.background\":\"#d3e8f8\",\"editorBracketMatch.border\":\"#2aa298\",\"editorError.border\":\"#fbfbfb\",\"editorWarning.border\":\"#daaa01\",\"editorGutter.addedBackground\":\"#49d0c5\",\"editorGutter.modifiedBackground\":\"#6fbef6\",\"editorGutter.deletedBackground\":\"#f76e6e\",\"editorRuler.foreground\":\"#d9d9d9\",\"editorOverviewRuler.errorForeground\":\"#e64d49\",\"editorOverviewRuler.warningForeground\":\"#daaa01\",\"editorSuggestWidget.background\":\"#f0f0f0\",\"editorSuggestWidget.foreground\":\"#403f53\",\"editorSuggestWidget.highlightForeground\":\"#403f53\",\"editorSuggestWidget.selectedBackground\":\"#d3e8f8\",\"editorSuggestWidget.border\":\"#d9d9d9\",\"debugExceptionWidget.background\":\"#f0f0f0\",\"debugExceptionWidget.border\":\"#d9d9d9\",\"editorMarkerNavigation.background\":\"#d0d0d0\",\"editorMarkerNavigationError.background\":\"#f76e6e\",\"editorMarkerNavigationWarning.background\":\"#daaa01\",\"debugToolBar.background\":\"#f0f0f0\",\"extensionButton.prominentBackground\":\"#2aa298\",\"extensionButton.prominentForeground\":\"#f0f0f0\",\"statusBar.background\":\"#f0f0f0\",\"statusBar.border\":\"#f0f0f0\",\"statusBar.debuggingBackground\":\"#f0f0f0\",\"statusBar.debuggingForeground\":\"#403f53\",\"statusBar.foreground\":\"#403f53\",\"statusBar.noFolderBackground\":\"#f0f0f0\",\"statusBar.noFolderForeground\":\"#403f53\",\"peekView.border\":\"#d9d9d9\",\"peekViewEditor.background\":\"#f6f6f6\",\"peekViewEditorGutter.background\":\"#f6f6f6\",\"peekViewEditor.matchHighlightBackground\":\"#49d0c5\",\"peekViewResult.background\":\"#f0f0f0\",\"peekViewResult.fileForeground\":\"#403f53\",\"peekViewResult.lineForeground\":\"#403f53\",\"peekViewResult.matchHighlightBackground\":\"#49d0c5\",\"peekViewResult.selectionBackground\":\"#e0e7ea\",\"peekViewResult.selectionForeground\":\"#403f53\",\"peekViewTitle.background\":\"#f0f0f0\",\"peekViewTitleLabel.foreground\":\"#403f53\",\"peekViewTitleDescription.foreground\":\"#403f53\",\"terminal.foreground\":\"#403f53\"},\"fg\":\"#403f53\",\"bg\":\"#f6f7f9\",\"semanticHighlighting\":false,\"settings\":[{\"name\":\"Changed\",\"scope\":[\"markup.changed\",\"meta.diff.header.git\",\"meta.diff.header.from-file\",\"meta.diff.header.to-file\"],\"settings\":{\"foreground\":\"#576687\"}},{\"name\":\"Deleted\",\"scope\":[\"markup.deleted.diff\"],\"settings\":{\"foreground\":\"#b33e3cfe\"}},{\"name\":\"Inserted\",\"scope\":[\"markup.inserted.diff\"],\"settings\":{\"foreground\":\"#3c63b3\"}},{\"name\":\"Global settings\",\"settings\":{\"background\":\"#011627\",\"foreground\":\"#403f53\"}},{\"name\":\"Comment\",\"scope\":[\"comment\"],\"settings\":{\"foreground\":\"#616671\"}},{\"name\":\"String\",\"scope\":[\"string\"],\"settings\":{\"foreground\":\"#3c63b3\"}},{\"name\":\"String Quoted\",\"scope\":[\"string.quoted\",\"variable.other.readwrite.js\"],\"settings\":{\"foreground\":\"#9b504e\"}},{\"name\":\"Support Constant Math\",\"scope\":[\"support.constant.math\"],\"settings\":{\"foreground\":\"#3c63b3\"}},{\"name\":\"Number\",\"scope\":[\"constant.numeric\",\"constant.character.numeric\"],\"settings\":{\"foreground\":\"#aa0982\",\"fontStyle\":\"\"}},{\"name\":\"Built-in constant\",\"scope\":[\"constant.language\",\"punctuation.definition.constant\",\"variable.other.constant\"],\"settings\":{\"foreground\":\"#3c63b3\"}},{\"name\":\"User-defined constant\",\"scope\":[\"constant.character\",\"constant.other\"],\"settings\":{\"foreground\":\"#3c63b3\"}},{\"name\":\"Constant Character Escape\",\"scope\":[\"constant.character.escape\"],\"settings\":{\"foreground\":\"#aa0982\"}},{\"name\":\"RegExp String\",\"scope\":[\"string.regexp\",\"string.regexp keyword.other\"],\"settings\":{\"foreground\":\"#3a6a90\"}},{\"name\":\"Comma in functions\",\"scope\":[\"meta.function punctuation.separator.comma\"],\"settings\":{\"foreground\":\"#4f687d\"}},{\"name\":\"Variable\",\"scope\":[\"variable\"],\"settings\":{\"foreground\":\"#3c63b3\"}},{\"name\":\"Keyword\",\"scope\":[\"punctuation.accessor\",\"keyword\"],\"settings\":{\"foreground\":\"#8d46b4\"}},{\"name\":\"Storage\",\"scope\":[\"storage\",\"meta.var.expr\",\"meta.class meta.method.declaration meta.var.expr storage.type.js\",\"storage.type.property.js\",\"storage.type.property.ts\",\"storage.type.property.tsx\"],\"settings\":{\"foreground\":\"#8d46b4\"}},{\"name\":\"Storage type\",\"scope\":[\"storage.type\"],\"settings\":{\"foreground\":\"#8d46b4\"}},{\"name\":\"Storage type\",\"scope\":[\"storage.type.function.arrow.js\"],\"settings\":{\"fontStyle\":\"\"}},{\"name\":\"Class name\",\"scope\":[\"entity.name.class\",\"meta.class entity.name.type.class\"],\"settings\":{\"foreground\":\"#111111\"}},{\"name\":\"Inherited class\",\"scope\":[\"entity.other.inherited-class\"],\"settings\":{\"foreground\":\"#3c63b3\"}},{\"name\":\"Function name\",\"scope\":[\"entity.name.function\"],\"settings\":{\"foreground\":\"#8d46b4\"}},{\"name\":\"Meta Tag\",\"scope\":[\"punctuation.definition.tag\",\"meta.tag\"],\"settings\":{\"foreground\":\"#8d46b4\"}},{\"name\":\"HTML Tag names\",\"scope\":[\"entity.name.tag\",\"meta.tag.other.html\",\"meta.tag.other.js\",\"meta.tag.other.tsx\",\"entity.name.tag.tsx\",\"entity.name.tag.js\",\"entity.name.tag\",\"meta.tag.js\",\"meta.tag.tsx\",\"meta.tag.html\"],\"settings\":{\"foreground\":\"#8d46b4\"}},{\"name\":\"Tag attribute\",\"scope\":[\"entity.other.attribute-name\"],\"settings\":{\"foreground\":\"#3c63b3\"}},{\"name\":\"Entity Name Tag Custom\",\"scope\":[\"entity.name.tag.custom\"],\"settings\":{\"foreground\":\"#3c63b3\"}},{\"name\":\"Library (function & constant)\",\"scope\":[\"support.function\",\"support.constant\"],\"settings\":{\"foreground\":\"#3c63b3\"}},{\"name\":\"Support Constant Property Value meta\",\"scope\":[\"support.constant.meta.property-value\"],\"settings\":{\"foreground\":\"#097174\"}},{\"name\":\"Library class/type\",\"scope\":[\"support.type\",\"support.class\"],\"settings\":{\"foreground\":\"#3c63b3\"}},{\"name\":\"Support Variable DOM\",\"scope\":[\"support.variable.dom\"],\"settings\":{\"foreground\":\"#3c63b3\"}},{\"name\":\"Invalid\",\"scope\":[\"invalid\"],\"settings\":{\"foreground\":\"#bf2162\"}},{\"name\":\"Invalid deprecated\",\"scope\":[\"invalid.deprecated\"],\"settings\":{\"foreground\":\"#b73936\"}},{\"name\":\"Keyword Operator\",\"scope\":[\"keyword.operator\"],\"settings\":{\"foreground\":\"#097174\",\"fontStyle\":\"\"}},{\"name\":\"Keyword Operator Relational\",\"scope\":[\"keyword.operator.relational\"],\"settings\":{\"foreground\":\"#8d46b4\"}},{\"name\":\"Keyword Operator Assignment\",\"scope\":[\"keyword.operator.assignment\"],\"settings\":{\"foreground\":\"#8d46b4\"}},{\"name\":\"Keyword Operator Arithmetic\",\"scope\":[\"keyword.operator.arithmetic\"],\"settings\":{\"foreground\":\"#8d46b4\"}},{\"name\":\"Keyword Operator Bitwise\",\"scope\":[\"keyword.operator.bitwise\"],\"settings\":{\"foreground\":\"#8d46b4\"}},{\"name\":\"Keyword Operator Increment\",\"scope\":[\"keyword.operator.increment\"],\"settings\":{\"foreground\":\"#8d46b4\"}},{\"name\":\"Keyword Operator Ternary\",\"scope\":[\"keyword.operator.ternary\"],\"settings\":{\"foreground\":\"#8d46b4\"}},{\"name\":\"Double-Slashed Comment\",\"scope\":[\"comment.line.double-slash\"],\"settings\":{\"foreground\":\"#5e6578\"}},{\"name\":\"Object\",\"scope\":[\"object\"],\"settings\":{\"foreground\":\"#5a686d\"}},{\"name\":\"Null\",\"scope\":[\"constant.language.null\"],\"settings\":{\"foreground\":\"#a54a4a\"}},{\"name\":\"Meta Brace\",\"scope\":[\"meta.brace\"],\"settings\":{\"foreground\":\"#403f53\"}},{\"name\":\"Meta Delimiter Period\",\"scope\":[\"meta.delimiter.period\"],\"settings\":{\"foreground\":\"#8d46b4\"}},{\"name\":\"Punctuation Definition String\",\"scope\":[\"punctuation.definition.string\"],\"settings\":{\"foreground\":\"#111111\"}},{\"name\":\"Punctuation Definition String Markdown\",\"scope\":[\"punctuation.definition.string.begin.markdown\"],\"settings\":{\"foreground\":\"#a54a4a\"}},{\"name\":\"Boolean\",\"scope\":[\"constant.language.boolean\"],\"settings\":{\"foreground\":\"#a54a4a\"}},{\"name\":\"Object Comma\",\"scope\":[\"object.comma\"],\"settings\":{\"foreground\":\"#666666\"}},{\"name\":\"Variable Parameter Function\",\"scope\":[\"variable.parameter.function\"],\"settings\":{\"foreground\":\"#097174\",\"fontStyle\":\"\"}},{\"name\":\"Support Type Property Name & entity name tags\",\"scope\":[\"support.type.vendor.property-name\",\"support.constant.vendor.property-value\",\"support.type.property-name\",\"meta.property-list entity.name.tag\"],\"settings\":{\"foreground\":\"#097174\",\"fontStyle\":\"\"}},{\"name\":\"Entity Name tag reference in stylesheets\",\"scope\":[\"meta.property-list entity.name.tag.reference\"],\"settings\":{\"foreground\":\"#297073\"}},{\"name\":\"Constant Other Color RGB Value Punctuation Definition Constant\",\"scope\":[\"constant.other.color.rgb-value punctuation.definition.constant\"],\"settings\":{\"foreground\":\"#aa0982\"}},{\"name\":\"Constant Other Color\",\"scope\":[\"constant.other.color\"],\"settings\":{\"foreground\":\"#aa0982\"}},{\"name\":\"Keyword Other Unit\",\"scope\":[\"keyword.other.unit\"],\"settings\":{\"foreground\":\"#aa0982\"}},{\"name\":\"Meta Selector\",\"scope\":[\"meta.selector\"],\"settings\":{\"foreground\":\"#8d46b4\"}},{\"name\":\"Entity Other Attribute Name Id\",\"scope\":[\"entity.other.attribute-name.id\"],\"settings\":{\"foreground\":\"#aa0982\"}},{\"name\":\"Meta Property Name\",\"scope\":[\"meta.property-name\"],\"settings\":{\"foreground\":\"#097174\"}},{\"name\":\"Doctypes\",\"scope\":[\"entity.name.tag.doctype\",\"meta.tag.sgml.doctype\"],\"settings\":{\"foreground\":\"#8d46b4\"}},{\"name\":\"Punctuation Definition Parameters\",\"scope\":[\"punctuation.definition.parameters\"],\"settings\":{\"foreground\":\"#111111\"}},{\"name\":\"Keyword Control Operator\",\"scope\":[\"keyword.control.operator\"],\"settings\":{\"foreground\":\"#097174\"}},{\"name\":\"Keyword Operator Logical\",\"scope\":[\"keyword.operator.logical\"],\"settings\":{\"foreground\":\"#8d46b4\",\"fontStyle\":\"\"}},{\"name\":\"Variable Instances\",\"scope\":[\"variable.instance\",\"variable.other.instance\",\"variable.readwrite.instance\",\"variable.other.readwrite.instance\",\"variable.other.property\"],\"settings\":{\"foreground\":\"#097174\"}},{\"name\":\"Variable Property Other object property\",\"scope\":[\"variable.other.object.property\"],\"settings\":{\"foreground\":\"#111111\"}},{\"name\":\"Variable Property Other object\",\"scope\":[\"variable.other.object.js\"],\"settings\":{\"fontStyle\":\"\"}},{\"name\":\"Entity Name Function\",\"scope\":[\"entity.name.function\"],\"settings\":{\"foreground\":\"#3c63b3\"}},{\"name\":\"Keyword Operator Comparison, imports, returns and Keyword Operator Ruby\",\"scope\":[\"keyword.operator.comparison\",\"keyword.control.flow.js\",\"keyword.control.flow.ts\",\"keyword.control.flow.tsx\",\"keyword.control.ruby\",\"keyword.control.module.ruby\",\"keyword.control.class.ruby\",\"keyword.control.def.ruby\",\"keyword.control.loop.js\",\"keyword.control.loop.ts\",\"keyword.control.import.js\",\"keyword.control.import.ts\",\"keyword.control.import.tsx\",\"keyword.control.from.js\",\"keyword.control.from.ts\",\"keyword.control.from.tsx\",\"keyword.operator.instanceof.js\",\"keyword.operator.expression.instanceof.ts\",\"keyword.operator.expression.instanceof.tsx\"],\"settings\":{\"foreground\":\"#8d46b4\"}},{\"name\":\"Keyword Control Conditional\",\"scope\":[\"keyword.control.conditional.js\",\"keyword.control.conditional.ts\",\"keyword.control.switch.js\",\"keyword.control.switch.ts\"],\"settings\":{\"foreground\":\"#8d46b4\",\"fontStyle\":\"\"}},{\"name\":\"Support Constant, `new` keyword, Special Method Keyword, `debugger`, other keywords\",\"scope\":[\"support.constant\",\"keyword.other.special-method\",\"keyword.other.new\",\"keyword.other.debugger\",\"keyword.control\"],\"settings\":{\"foreground\":\"#097174\"}},{\"name\":\"Support Function\",\"scope\":[\"support.function\"],\"settings\":{\"foreground\":\"#3c63b3\"}},{\"name\":\"Invalid Broken\",\"scope\":[\"invalid.broken\"],\"settings\":{\"foreground\":\"#aa0982\"}},{\"name\":\"Invalid Unimplemented\",\"scope\":[\"invalid.unimplemented\"],\"settings\":{\"foreground\":\"#497026\"}},{\"name\":\"Invalid Illegal\",\"scope\":[\"invalid.illegal\"],\"settings\":{\"foreground\":\"#9b504e\"}},{\"name\":\"Language Variable\",\"scope\":[\"variable.language\"],\"settings\":{\"foreground\":\"#097174\"}},{\"name\":\"Support Variable Property\",\"scope\":[\"support.variable.property\"],\"settings\":{\"foreground\":\"#097174\"}},{\"name\":\"Variable Function\",\"scope\":[\"variable.function\"],\"settings\":{\"foreground\":\"#3c63b3\"}},{\"name\":\"Variable Interpolation\",\"scope\":[\"variable.interpolation\"],\"settings\":{\"foreground\":\"#aa444a\"}},{\"name\":\"Meta Function Call\",\"scope\":[\"meta.function-call\"],\"settings\":{\"foreground\":\"#3c63b3\"}},{\"name\":\"Punctuation Section Embedded\",\"scope\":[\"punctuation.section.embedded\"],\"settings\":{\"foreground\":\"#b73936\"}},{\"name\":\"Punctuation Tweaks\",\"scope\":[\"punctuation.terminator.expression\",\"punctuation.definition.arguments\",\"punctuation.definition.array\",\"punctuation.section.array\",\"meta.array\"],\"settings\":{\"foreground\":\"#403f53\"}},{\"name\":\"More Punctuation Tweaks\",\"scope\":[\"punctuation.definition.list.begin\",\"punctuation.definition.list.end\",\"punctuation.separator.arguments\",\"punctuation.definition.list\"],\"settings\":{\"foreground\":\"#111111\"}},{\"name\":\"Template Strings\",\"scope\":[\"string.template meta.template.expression\"],\"settings\":{\"foreground\":\"#b73936\"}},{\"name\":\"Backtics(``) in Template Strings\",\"scope\":[\"string.template punctuation.definition.string\"],\"settings\":{\"foreground\":\"#403f53\"}},{\"name\":\"Italics\",\"scope\":[\"italic\"],\"settings\":{\"foreground\":\"#8d46b4\",\"fontStyle\":\"italic\"}},{\"name\":\"Bold\",\"scope\":[\"bold\"],\"settings\":{\"foreground\":\"#3c63b3\",\"fontStyle\":\"bold\"}},{\"name\":\"Quote\",\"scope\":[\"quote\"],\"settings\":{\"foreground\":\"#5e6487\"}},{\"name\":\"Raw Code\",\"scope\":[\"raw\"],\"settings\":{\"foreground\":\"#097174\"}},{\"name\":\"CoffeScript Variable Assignment\",\"scope\":[\"variable.assignment.coffee\"],\"settings\":{\"foreground\":\"#197176\"}},{\"name\":\"CoffeScript Parameter Function\",\"scope\":[\"variable.parameter.function.coffee\"],\"settings\":{\"foreground\":\"#403f53\"}},{\"name\":\"CoffeeScript Assignments\",\"scope\":[\"variable.assignment.coffee\"],\"settings\":{\"foreground\":\"#097174\"}},{\"name\":\"C# Readwrite Variables\",\"scope\":[\"variable.other.readwrite.cs\"],\"settings\":{\"foreground\":\"#403f53\"}},{\"name\":\"C# Classes & Storage types\",\"scope\":[\"entity.name.type.class.cs\",\"storage.type.cs\"],\"settings\":{\"foreground\":\"#3c63b3\"}},{\"name\":\"C# Namespaces\",\"scope\":[\"entity.name.type.namespace.cs\"],\"settings\":{\"foreground\":\"#097174\"}},{\"name\":\"Tag names in Stylesheets\",\"scope\":[\"entity.name.tag.css\",\"entity.name.tag.less\",\"entity.name.tag.custom.css\",\"support.constant.property-value.css\"],\"settings\":{\"foreground\":\"#9b504e\",\"fontStyle\":\"\"}},{\"name\":\"Wildcard(*) selector in Stylesheets\",\"scope\":[\"entity.name.tag.wildcard.css\",\"entity.name.tag.wildcard.less\",\"entity.name.tag.wildcard.scss\",\"entity.name.tag.wildcard.sass\"],\"settings\":{\"foreground\":\"#097174\"}},{\"name\":\"CSS Keyword Other Unit\",\"scope\":[\"keyword.other.unit.css\"],\"settings\":{\"foreground\":\"#3c63b3\"}},{\"name\":\"Attribute Name for CSS\",\"scope\":[\"meta.attribute-selector.css entity.other.attribute-name.attribute\",\"variable.other.readwrite.js\"],\"settings\":{\"foreground\":\"#aa0982\"}},{\"name\":\"Elixir Classes\",\"scope\":[\"source.elixir support.type.elixir\",\"source.elixir meta.module.elixir entity.name.class.elixir\"],\"settings\":{\"foreground\":\"#3c63b3\"}},{\"name\":\"Elixir Functions\",\"scope\":[\"source.elixir entity.name.function\"],\"settings\":{\"foreground\":\"#3c63b3\"}},{\"name\":\"Elixir Constants\",\"scope\":[\"source.elixir constant.other.symbol.elixir\",\"source.elixir constant.other.keywords.elixir\"],\"settings\":{\"foreground\":\"#3c63b3\"}},{\"name\":\"Elixir String Punctuations\",\"scope\":[\"source.elixir punctuation.definition.string\"],\"settings\":{\"foreground\":\"#3c63b3\"}},{\"name\":\"Elixir\",\"scope\":[\"source.elixir variable.other.readwrite.module.elixir\",\"source.elixir variable.other.readwrite.module.elixir punctuation.definition.variable.elixir\"],\"settings\":{\"foreground\":\"#3c63b3\"}},{\"name\":\"Elixir Binary Punctuations\",\"scope\":[\"source.elixir .punctuation.binary.elixir\"],\"settings\":{\"foreground\":\"#8d46b4\"}},{\"name\":\"Closure Constant Keyword\",\"scope\":[\"constant.keyword.clojure\"],\"settings\":{\"foreground\":\"#097174\"}},{\"name\":\"Go Function Calls\",\"scope\":[\"source.go meta.function-call.go\"],\"settings\":{\"foreground\":\"#097174\"}},{\"name\":\"Go Keywords\",\"scope\":[\"source.go keyword.package.go\",\"source.go keyword.import.go\",\"source.go keyword.function.go\",\"source.go keyword.type.go\",\"source.go keyword.struct.go\",\"source.go keyword.interface.go\",\"source.go keyword.const.go\",\"source.go keyword.var.go\",\"source.go keyword.map.go\",\"source.go keyword.channel.go\",\"source.go keyword.control.go\"],\"settings\":{\"foreground\":\"#8d46b4\"}},{\"name\":\"Go Constants e.g. nil, string format (%s, %d, etc.)\",\"scope\":[\"source.go constant.language.go\",\"source.go constant.other.placeholder.go\"],\"settings\":{\"foreground\":\"#a54a4a\"}},{\"name\":\"C++ Functions\",\"scope\":[\"entity.name.function.preprocessor.cpp\",\"entity.scope.name.cpp\"],\"settings\":{\"foreground\":\"#097174\"}},{\"name\":\"C++ Meta Namespace\",\"scope\":[\"meta.namespace-block.cpp\"],\"settings\":{\"foreground\":\"#111111\"}},{\"name\":\"C++ Language Primitive Storage\",\"scope\":[\"storage.type.language.primitive.cpp\"],\"settings\":{\"foreground\":\"#a54a4a\"}},{\"name\":\"C++ Preprocessor Macro\",\"scope\":[\"meta.preprocessor.macro.cpp\"],\"settings\":{\"foreground\":\"#403f53\"}},{\"name\":\"C++ Variable Parameter\",\"scope\":[\"variable.parameter\"],\"settings\":{\"foreground\":\"#111111\"}},{\"name\":\"Powershell Variables\",\"scope\":[\"variable.other.readwrite.powershell\"],\"settings\":{\"foreground\":\"#3c63b3\"}},{\"name\":\"Powershell Function\",\"scope\":[\"support.function.powershell\"],\"settings\":{\"foreground\":\"#097174\"}},{\"name\":\"ID Attribute Name in HTML\",\"scope\":[\"entity.other.attribute-name.id.html\"],\"settings\":{\"foreground\":\"#3c63b3\"}},{\"name\":\"HTML Punctuation Definition Tag\",\"scope\":[\"punctuation.definition.tag.html\"],\"settings\":{\"foreground\":\"#8d46b4\"}},{\"name\":\"HTML Doctype\",\"scope\":[\"meta.tag.sgml.doctype.html\"],\"settings\":{\"foreground\":\"#8d46b4\"}},{\"name\":\"JavaScript Classes\",\"scope\":[\"meta.class entity.name.type.class.js\"],\"settings\":{\"foreground\":\"#111111\"}},{\"name\":\"JavaScript Method Declaration e.g. `constructor`\",\"scope\":[\"meta.method.declaration storage.type.js\"],\"settings\":{\"foreground\":\"#3c63b3\"}},{\"name\":\"JavaScript Terminator\",\"scope\":[\"terminator.js\"],\"settings\":{\"foreground\":\"#403f53\"}},{\"name\":\"JavaScript Meta Punctuation Definition\",\"scope\":[\"meta.js punctuation.definition.js\"],\"settings\":{\"foreground\":\"#403f53\"}},{\"name\":\"Entity Names in Code Documentations\",\"scope\":[\"entity.name.type.instance.jsdoc\",\"entity.name.type.instance.phpdoc\"],\"settings\":{\"foreground\":\"#4f687d\"}},{\"name\":\"Other Variables in Code Documentations\",\"scope\":[\"variable.other.jsdoc\",\"variable.other.phpdoc\"],\"settings\":{\"foreground\":\"#406c80\"}},{\"name\":\"JavaScript module imports and exports\",\"scope\":[\"variable.other.meta.import.js\",\"meta.import.js variable.other\",\"variable.other.meta.export.js\",\"meta.export.js variable.other\"],\"settings\":{\"foreground\":\"#403f53\"}},{\"name\":\"JavaScript Variable Parameter Function\",\"scope\":[\"variable.parameter.function.js\"],\"settings\":{\"foreground\":\"#5760a6\"}},{\"name\":\"JavaScript[React] Variable Other Object\",\"scope\":[\"variable.other.object.js\",\"variable.other.object.jsx\",\"variable.object.property.js\",\"variable.object.property.jsx\"],\"settings\":{\"foreground\":\"#403f53\"}},{\"name\":\"JavaScript Variables\",\"scope\":[\"variable.js\",\"variable.other.js\"],\"settings\":{\"foreground\":\"#403f53\"}},{\"name\":\"JavaScript Entity Name Type\",\"scope\":[\"entity.name.type.js\",\"entity.name.type.module.js\"],\"settings\":{\"foreground\":\"#111111\",\"fontStyle\":\"\"}},{\"name\":\"JavaScript Support Classes\",\"scope\":[\"support.class.js\"],\"settings\":{\"foreground\":\"#403f53\"}},{\"name\":\"JSON Property Names\",\"scope\":[\"support.type.property-name.json\"],\"settings\":{\"foreground\":\"#097174\"}},{\"name\":\"JSON Support Constants\",\"scope\":[\"support.constant.json\"],\"settings\":{\"foreground\":\"#3c63b3\"}},{\"name\":\"JSON Property values (string)\",\"scope\":[\"meta.structure.dictionary.value.json string.quoted.double\"],\"settings\":{\"foreground\":\"#7f5889\"}},{\"name\":\"Strings in JSON values\",\"scope\":[\"string.quoted.double.json punctuation.definition.string.json\"],\"settings\":{\"foreground\":\"#097174\"}},{\"name\":\"Specific JSON Property values like null\",\"scope\":[\"meta.structure.dictionary.json meta.structure.dictionary.value constant.language\"],\"settings\":{\"foreground\":\"#a54a4a\"}},{\"name\":\"JavaScript Other Variable\",\"scope\":[\"variable.other.object.js\"],\"settings\":{\"foreground\":\"#097174\"}},{\"name\":\"Ruby Variables\",\"scope\":[\"variable.other.ruby\"],\"settings\":{\"foreground\":\"#403f53\"}},{\"name\":\"Ruby Class\",\"scope\":[\"entity.name.type.class.ruby\"],\"settings\":{\"foreground\":\"#9b504e\"}},{\"name\":\"Ruby Hashkeys\",\"scope\":[\"constant.language.symbol.hashkey.ruby\"],\"settings\":{\"foreground\":\"#097174\"}},{\"name\":\"Ruby Symbols\",\"scope\":[\"constant.language.symbol.ruby\"],\"settings\":{\"foreground\":\"#097174\"}},{\"name\":\"LESS Tag names\",\"scope\":[\"entity.name.tag.less\"],\"settings\":{\"foreground\":\"#8d46b4\"}},{\"name\":\"LESS Keyword Other Unit\",\"scope\":[\"keyword.other.unit.css\"],\"settings\":{\"foreground\":\"#097174\"}},{\"name\":\"Attribute Name for LESS\",\"scope\":[\"meta.attribute-selector.less entity.other.attribute-name.attribute\"],\"settings\":{\"foreground\":\"#aa0982\"}},{\"name\":\"Markdown Headings\",\"scope\":[\"markup.heading.markdown\",\"markup.heading.setext.1.markdown\",\"markup.heading.setext.2.markdown\"],\"settings\":{\"foreground\":\"#3c63b3\"}},{\"name\":\"Markdown Italics\",\"scope\":[\"markup.italic.markdown\"],\"settings\":{\"foreground\":\"#8d46b4\",\"fontStyle\":\"italic\"}},{\"name\":\"Markdown Bold\",\"scope\":[\"markup.bold.markdown\"],\"settings\":{\"foreground\":\"#3c63b3\",\"fontStyle\":\"bold\"}},{\"name\":\"Markdown Quote + others\",\"scope\":[\"markup.quote.markdown\"],\"settings\":{\"foreground\":\"#5e6487\"}},{\"name\":\"Markdown Raw Code + others\",\"scope\":[\"markup.inline.raw.markdown\"],\"settings\":{\"foreground\":\"#097174\"}},{\"name\":\"Markdown Links\",\"scope\":[\"markup.underline.link.markdown\",\"markup.underline.link.image.markdown\"],\"settings\":{\"foreground\":\"#97505b\",\"fontStyle\":\"underline\"}},{\"name\":\"Markdown Link Title and Description\",\"scope\":[\"string.other.link.title.markdown\",\"string.other.link.description.markdown\"],\"settings\":{\"foreground\":\"#403f53\",\"fontStyle\":\"underline\"}},{\"name\":\"Markdown Punctuation\",\"scope\":[\"punctuation.definition.string.markdown\",\"punctuation.definition.string.begin.markdown\",\"punctuation.definition.string.end.markdown\",\"meta.link.inline.markdown punctuation.definition.string\"],\"settings\":{\"foreground\":\"#3c63b3\"}},{\"name\":\"Markdown MetaData Punctuation\",\"scope\":[\"punctuation.definition.metadata.markdown\"],\"settings\":{\"foreground\":\"#097174\"}},{\"name\":\"Markdown List Punctuation\",\"scope\":[\"beginning.punctuation.definition.list.markdown\"],\"settings\":{\"foreground\":\"#3c63b3\"}},{\"name\":\"Markdown Inline Raw String\",\"scope\":[\"markup.inline.raw.string.markdown\"],\"settings\":{\"foreground\":\"#3c63b3\"}},{\"name\":\"PHP Variables\",\"scope\":[\"variable.other.php\",\"variable.other.property.php\"],\"settings\":{\"foreground\":\"#111111\"}},{\"name\":\"Support Classes in PHP\",\"scope\":[\"support.class.php\"],\"settings\":{\"foreground\":\"#111111\"}},{\"name\":\"Punctuations in PHP function calls\",\"scope\":[\"meta.function-call.php punctuation\"],\"settings\":{\"foreground\":\"#403f53\"}},{\"name\":\"PHP Global Variables\",\"scope\":[\"variable.other.global.php\"],\"settings\":{\"foreground\":\"#3c63b3\"}},{\"name\":\"Declaration Punctuation in PHP Global Variables\",\"scope\":[\"variable.other.global.php punctuation.definition.variable\"],\"settings\":{\"foreground\":\"#3c63b3\"}},{\"name\":\"Language Constants in Python\",\"scope\":[\"constant.language.python\"],\"settings\":{\"foreground\":\"#a54a4a\"}},{\"name\":\"Python Function Parameter and Arguments\",\"scope\":[\"variable.parameter.function.python\",\"meta.function-call.arguments.python\"],\"settings\":{\"foreground\":\"#3c63b3\"}},{\"name\":\"Python Function Call\",\"scope\":[\"meta.function-call.python\",\"meta.function-call.generic.python\"],\"settings\":{\"foreground\":\"#097174\"}},{\"name\":\"Punctuations in Python\",\"scope\":[\"punctuation.python\"],\"settings\":{\"foreground\":\"#403f53\"}},{\"name\":\"Decorator Functions in Python\",\"scope\":[\"entity.name.function.decorator.python\"],\"settings\":{\"foreground\":\"#3c63b3\"}},{\"name\":\"Python Language Variable\",\"scope\":[\"source.python variable.language.special\"],\"settings\":{\"foreground\":\"#aa0982\"}},{\"name\":\"Python import control keyword\",\"scope\":[\"keyword.control\"],\"settings\":{\"foreground\":\"#8d46b4\"}},{\"name\":\"SCSS Variable\",\"scope\":[\"variable.scss\",\"variable.sass\",\"variable.parameter.url.scss\",\"variable.parameter.url.sass\"],\"settings\":{\"foreground\":\"#3c63b3\"}},{\"name\":\"Variables in SASS At-Rules\",\"scope\":[\"source.css.scss meta.at-rule variable\",\"source.css.sass meta.at-rule variable\"],\"settings\":{\"foreground\":\"#3c63b3\"}},{\"name\":\"Variables in SASS At-Rules\",\"scope\":[\"source.css.scss meta.at-rule variable\",\"source.css.sass meta.at-rule variable\"],\"settings\":{\"foreground\":\"#111111\"}},{\"name\":\"Attribute Name for SASS\",\"scope\":[\"meta.attribute-selector.scss entity.other.attribute-name.attribute\",\"meta.attribute-selector.sass entity.other.attribute-name.attribute\"],\"settings\":{\"foreground\":\"#aa0982\"}},{\"name\":\"Tag names in SASS\",\"scope\":[\"entity.name.tag.scss\",\"entity.name.tag.sass\"],\"settings\":{\"foreground\":\"#097174\"}},{\"name\":\"SASS Keyword Other Unit\",\"scope\":[\"keyword.other.unit.scss\",\"keyword.other.unit.sass\"],\"settings\":{\"foreground\":\"#8d46b4\"}},{\"name\":\"TypeScript[React] Variables and Object Properties\",\"scope\":[\"variable.other.readwrite.alias.ts\",\"variable.other.readwrite.alias.tsx\",\"variable.other.readwrite.ts\",\"variable.other.readwrite.tsx\",\"variable.other.object.ts\",\"variable.other.object.tsx\",\"variable.object.property.ts\",\"variable.object.property.tsx\",\"variable.other.ts\",\"variable.other.tsx\",\"variable.tsx\",\"variable.ts\"],\"settings\":{\"foreground\":\"#403f53\"}},{\"name\":\"TypeScript[React] Entity Name Types\",\"scope\":[\"entity.name.type.ts\",\"entity.name.type.tsx\"],\"settings\":{\"foreground\":\"#111111\"}},{\"name\":\"TypeScript[React] Node Classes\",\"scope\":[\"support.class.node.ts\",\"support.class.node.tsx\"],\"settings\":{\"foreground\":\"#3c63b3\"}},{\"name\":\"TypeScript[React] Entity Name Types as Parameters\",\"scope\":[\"meta.type.parameters.ts entity.name.type\",\"meta.type.parameters.tsx entity.name.type\"],\"settings\":{\"foreground\":\"#4f687d\"}},{\"name\":\"TypeScript[React] Import/Export Punctuations\",\"scope\":[\"meta.import.ts punctuation.definition.block\",\"meta.import.tsx punctuation.definition.block\",\"meta.export.ts punctuation.definition.block\",\"meta.export.tsx punctuation.definition.block\"],\"settings\":{\"foreground\":\"#403f53\"}},{\"name\":\"TypeScript[React] Punctuation Decorators\",\"scope\":[\"meta.decorator punctuation.decorator.ts\",\"meta.decorator punctuation.decorator.tsx\"],\"settings\":{\"foreground\":\"#3c63b3\"}},{\"name\":\"TypeScript[React] Punctuation Decorators\",\"scope\":[\"meta.tag.js meta.jsx.children.tsx\"],\"settings\":{\"foreground\":\"#3c63b3\"}},{\"name\":\"YAML Entity Name Tags\",\"scope\":[\"entity.name.tag.yaml\"],\"settings\":{\"foreground\":\"#111111\"}},{\"name\":\"JavaScript Variable Other ReadWrite\",\"scope\":[\"variable.other.readwrite.js\",\"variable.parameter\"],\"settings\":{\"foreground\":\"#403f53\"}},{\"name\":\"Support Class Component\",\"scope\":[\"support.class.component.js\",\"support.class.component.tsx\"],\"settings\":{\"foreground\":\"#aa0982\",\"fontStyle\":\"\"}},{\"name\":\"Text nested in React tags\",\"scope\":[\"meta.jsx.children\",\"meta.jsx.children.js\",\"meta.jsx.children.tsx\"],\"settings\":{\"foreground\":\"#403f53\"}},{\"name\":\"TypeScript Classes\",\"scope\":[\"meta.class entity.name.type.class.tsx\"],\"settings\":{\"foreground\":\"#111111\"}},{\"name\":\"TypeScript Entity Name Type\",\"scope\":[\"entity.name.type.tsx\",\"entity.name.type.module.tsx\"],\"settings\":{\"foreground\":\"#111111\"}},{\"name\":\"TypeScript Class Variable Keyword\",\"scope\":[\"meta.class.ts meta.var.expr.ts storage.type.ts\",\"meta.class.tsx meta.var.expr.tsx storage.type.tsx\"],\"settings\":{\"foreground\":\"#79598f\"}},{\"name\":\"TypeScript Method Declaration e.g. `constructor`\",\"scope\":[\"meta.method.declaration storage.type.ts\",\"meta.method.declaration storage.type.tsx\"],\"settings\":{\"foreground\":\"#3c63b3\"}},{\"name\":\"normalize font style of certain components\",\"scope\":[\"meta.property-list.css meta.property-value.css variable.other.less\",\"meta.property-list.scss variable.scss\",\"meta.property-list.sass variable.sass\",\"meta.brace\",\"keyword.operator.operator\",\"keyword.operator.or.regexp\",\"keyword.operator.expression.in\",\"keyword.operator.relational\",\"keyword.operator.assignment\",\"keyword.operator.comparison\",\"keyword.operator.type\",\"keyword.operator\",\"keyword\",\"punctuation.definintion.string\",\"punctuation\",\"variable.other.readwrite.js\",\"storage.type\",\"source.css\",\"string.quoted\"],\"settings\":{\"fontStyle\":\"\"}}],\"styleOverrides\":{\"frames\":{\"editorBackground\":\"var(--sl-color-gray-7)\",\"terminalBackground\":\"var(--sl-color-gray-7)\",\"editorActiveTabBackground\":\"var(--sl-color-gray-7)\",\"terminalTitlebarDotsForeground\":\"color-mix(in srgb, var(--sl-color-gray-5), transparent 25%)\",\"terminalTitlebarDotsOpacity\":\"0.75\",\"inlineButtonForeground\":\"var(--sl-color-text)\",\"frameBoxShadowCssValue\":\"none\"},\"textMarkers\":{\"markBackground\":\"#0000001a\",\"markBorderColor\":\"#00000055\"}}}],\"defaultLocale\":\"en\",\"styleOverrides\":{\"borderRadius\":\"0px\",\"borderWidth\":\"1px\",\"codePaddingBlock\":\"0.75rem\",\"codePaddingInline\":\"1rem\",\"codeFontFamily\":\"var(--__sl-font-mono)\",\"codeFontSize\":\"var(--sl-text-code)\",\"codeLineHeight\":\"var(--sl-line-height)\",\"uiFontFamily\":\"var(--__sl-font)\",\"textMarkers\":{\"lineDiffIndicatorMarginLeft\":\"0.25rem\",\"defaultChroma\":\"45\",\"backgroundOpacity\":\"60%\"}},\"plugins\":[{\"name\":\"Starlight Plugin\",\"hooks\":{}},{\"name\":\"astro-expressive-code\",\"hooks\":{}}]}]],\"remarkRehype\":{},\"gfm\":true,\"smartypants\":true},\"security\":{\"checkOrigin\":true,\"allowedDomains\":[]},\"env\":{\"schema\":{},\"validateSecrets\":false},\"experimental\":{\"clientPrerender\":false,\"contentIntellisense\":false,\"headingIdCompat\":false,\"preserveScriptOrder\":false,\"liveContentCollections\":false,\"csp\":false,\"staticImportMetaEnv\":false,\"chromeDevtoolsWorkspace\":false,\"failOnPrerenderConflict\":false},\"legacy\":{\"collections\":false},\"prefetch\":{\"prefetchAll\":true},\"i18n\":{\"defaultLocale\":\"en\",\"locales\":[\"en\"],\"routing\":{\"prefixDefaultLocale\":false,\"redirectToDefaultLocale\":false,\"fallbackType\":\"redirect\"}}}","docs",["Map",11,12,27,28],"index",{"id":11,"data":13,"filePath":25,"digest":26,"deferredRender":16},{"title":14,"description":15,"editUrl":16,"head":17,"template":18,"hero":19,"sidebar":22,"pagefind":16,"draft":23},"Starter Tutorial","Get started building a tutorial.",true,[],"splash",{"tagline":20,"actions":21},"Starting a tutorial!",[],{"hidden":23,"attrs":24},false,{},"src/content/docs/index.mdx","369e120ef938088e","01_first_step",{"id":27,"data":29,"body":36,"filePath":37,"digest":38,"rendered":39},{"title":30,"description":31,"editUrl":16,"head":32,"template":33,"sidebar":34,"pagefind":16,"draft":23},"Introduction","An introduction to the onboarding tutorial",[],"doc",{"hidden":23,"attrs":35},{},"# Starter Tutorial\n\nThis is a paragraph about what the tutorial contains.\n\nHere is some code:\n\n```js\nfunction demo() {\n  // This is a comment\n  console.log('Hello World');\n}\n```","src/content/docs/01_First_Step.md","5f8f5e057d466cd2",{"html":40,"metadata":41},"\u003Ch1 id=\"starter-tutorial\">Starter Tutorial\u003C/h1>\n\u003Cp>This is a paragraph about what the tutorial contains.\u003C/p>\n\u003Cp>Here is some code:\u003C/p>\n\u003Cdiv class=\"expressive-code\">\u003Clink rel=\"stylesheet\" href=\"/_astro/ec.j8ofn.css\">\u003Cscript type=\"module\" src=\"/_astro/ec.8zarh.js\">\u003C/script>\u003Cfigure class=\"frame not-content\">\u003Cfigcaption class=\"header\">\u003C/figcaption>\u003Cpre data-language=\"js\">\u003Ccode>\u003Cdiv class=\"ec-line\">\u003Cdiv class=\"code\">\u003Cspan style=\"--0:#C792EA;--1:#8D46B4\">function\u003C/span>\u003Cspan style=\"--0:#D6DEEB;--1:#403F53\"> \u003C/span>\u003Cspan style=\"--0:#82AAFF;--1:#3C63B3\">demo\u003C/span>\u003Cspan style=\"--0:#D9F5DD;--1:#111111\">()\u003C/span>\u003Cspan style=\"--0:#D6DEEB;--1:#403F53\"> {\u003C/span>\u003C/div>\u003C/div>\u003Cdiv class=\"ec-line\">\u003Cdiv class=\"code\">\u003Cspan class=\"indent\">  \u003C/span>\u003Cspan style=\"--0:#809191;--1:#5E6578\">// This is a comment\u003C/span>\u003C/div>\u003C/div>\u003Cdiv class=\"ec-line\">\u003Cdiv class=\"code\">\u003Cspan class=\"indent\">  \u003C/span>\u003Cspan style=\"--0:#7FDBCA;--1:#097174\">console\u003C/span>\u003Cspan style=\"--0:#C792EA;--1:#8D46B4\">.\u003C/span>\u003Cspan style=\"--0:#82AAFF;--1:#3C63B3\">log\u003C/span>\u003Cspan style=\"--0:#D6DEEB;--1:#403F53\">(\u003C/span>\u003Cspan style=\"--0:#D9F5DD;--1:#111111\">'\u003C/span>\u003Cspan style=\"--0:#ECC48D;--1:#9B504E\">Hello World\u003C/span>\u003Cspan style=\"--0:#D9F5DD;--1:#111111\">'\u003C/span>\u003Cspan style=\"--0:#D6DEEB;--1:#403F53\">);\u003C/span>\u003C/div>\u003C/div>\u003Cdiv class=\"ec-line\">\u003Cdiv class=\"code\">\u003Cspan style=\"--0:#D6DEEB;--1:#403F53\">}\u003C/span>\u003C/div>\u003C/div>\u003C/code>\u003C/pre>\u003Cdiv class=\"copy\">\u003Cbutton title=\"Copy to clipboard\" data-copied=\"Copied!\" data-code=\"function demo() {  // This is a comment  console.log(&#x27;Hello World&#x27;);}\">\u003Cdiv>\u003C/div>\u003C/button>\u003C/div>\u003C/figure>\u003C/div>",{"headings":42,"localImagePaths":46,"remoteImagePaths":47,"frontmatter":48,"imagePaths":49},[43],{"depth":44,"slug":45,"text":14},1,"starter-tutorial",[],[],{"title":30,"description":31},[]]